secs,&nbsp;4 12:47+30&gt;3
1,0.46
1.5,0.66
2,0.76
2.5,0.61
3,0.39
3.5,0.23
4,0.26
4.5,0.31
5,0.42
5.5,0.40
6,0.33
6.5,0.32
7,0.32
7.5,0.34
8,0.38
8.5,0.36
9,0.30
9.5,0.29
10,0.27
10.5,0.28
11,0.26
11.5,0.23
12,0.22
12.5,0.25
13,0.25
13.5,0.27
14,0.31
14.5,0.32
15,0.25
15.5,0.19
16,0.04
20,0.01
20.5,0.04
21,-0.00
21.5,0.02
22,0.06
22.5,0.18
23,0.24
23.5,0.22
24,0.18
24.5,0.18
25,0.20
25.5,0.26
26,0.34
26.5,0.37
27,0.36
27.5,0.35
28,0.30
28.5,0.24
29,0.18
29.5,0.11
30,0.05
34,-0.00
34.5,0.09
35,0.19
35.5,0.22
36,0.20
36.5,0.18
37,0.19
37.5,0.15
38,0.15
38.5,0.18
39,0.26
39.5,0.35
40,0.39
40.5,0.39
41,0.34
41.5,0.24
42,0.18
42.5,0.11
43,0.01
49.5,0.07
50,0.10
50.5,0.09
51,0.03
54.5,0.02
55,0.03
55.5,0.01
56,0.02
56.5,0.06
57,0.09
57.5,0.13
58,0.14
58.5,0.12
59,0.11
59.5,0.18
60,0.12
60.5,0.09
61,0.07
61.5,0.11
62,0.14
62.5,0.18
63,0.21
63.5,0.24
64,0.35
64.5,0.40
65,0.38
65.5,0.21
66,0.04
66.5,0.04
67,0.12
67.5,0.35
68,0.47
68.5,0.45
69,0.38
69.5,0.22
70,0.04
71.5,0.03
72,0.08
72.5,0.14
73,0.27
73.5,0.27
74,0.13
74.5,0.05
75,0.07
75.5,0.00
76,0.00
76.5,0.04
77,0.21
77.5,0.48
78,0.75
78.5,0.88
79,0.90
79.5,0.77
80,0.60
80.5,0.52
81,0.53
81.5,0.60
82,0.68
82.5,0.79
83,0.85
83.5,0.92
84,0.93
84.5,0.88
85,0.87
85.5,0.86
86,0.92
86.5,0.97
87,1.00
87.5,0.96
88,0.90
88.5,0.74
89,0.63
89.5,0.55
90,0.52
90.5,0.46
91,0.51
91.5,0.54
92,0.60
92.5,0.63
93,0.58
93.5,0.57
94,0.54
94.5,0.50
95,0.47
95.5,0.41
96,0.35
96.5,0.31
97,0.27
97.5,0.22
98,0.22
98.5,0.19
99,0.20
99.5,0.22
100,0.21
100.5,0.24
101,0.28
101.5,0.34
102,0.33
102.5,0.22
103,0.17
103.5,0.22
104,0.29
104.5,0.31
105,0.31
105.5,0.34
106,0.40
106.5,0.50
107,0.58
107.5,0.59
108,0.55
108.5,0.52
109,0.50
109.5,0.55
110,0.53
110.5,0.50
111,0.42
111.5,0.42
112,0.54
112.5,0.56
113,0.63
113.5,0.62
114,0.65
114.5,0.70
115,0.66
115.5,0.54
116,0.47
116.5,0.39
117,0.33
117.5,0.29
118,0.27
118.5,0.24
119,0.16
119.5,0.23
120,0.39
120.5,0.50
121,0.60
121.5,0.63
122,0.65
122.5,0.64
123,0.59
123.5,0.59
124,0.68
124.5,0.68
125,0.62
125.5,0.52
126,0.48
126.5,0.44
127,0.41
127.5,0.36
128,0.35
128.5,0.36
129,0.38
129.5,0.40
130,0.42
130.5,0.47
131,0.47
131.5,0.45
132,0.38
132.5,0.34
133,0.27
133.5,0.24
134,0.24
134.5,0.25
135,0.34
135.5,0.39
136,0.53
136.5,0.66
137,0.72
137.5,0.75
138,0.74
138.5,0.66
139,0.58
139.5,0.51
140,0.47
140.5,0.44
141,0.40
141.5,0.41
142,0.37
142.5,0.41
143,0.40
143.5,0.35
144,0.27
144.5,0.17
145,0.07
145.5,0.06
146,0.05
146.5,0.13
147,0.19
147.5,0.21
148,0.24
148.5,0.23
149,0.23
149.5,0.23
150,0.17
150.5,0.04
152.5,0.09
153,0.16
153.5,0.20
154,0.16
154.5,0.16
155,0.12
155.5,0.11
156,0.25
156.5,0.36
157,0.43
157.5,0.47
158,0.53
158.5,0.48
159,0.43
159.5,0.36
160,0.35
160.5,0.29
161,0.30
161.5,0.24
162,0.17
162.5,0.09
163,0.08
163.5,0.05
164,0.01
166,0.01
166.5,0.11
167,0.27
167.5,0.34
168,0.31
168.5,0.30
169,0.35
169.5,0.36
170,0.41
170.5,0.44
171,0.44
171.5,0.44
172,0.31
172.5,0.32
173,0.42
173.5,0.57
174,0.74
174.5,0.70
175,0.36
175.5,0.22
176,0.16
176.5,0.17
177,0.24
177.5,0.36
178,0.42
178.5,0.48
179,0.48
179.5,0.43
180,0.46
180.5,0.57
181,0.65
181.5,0.73
182,0.81
182.5,0.97
183,0.91
183.5,0.89
184,0.90
184.5,0.82
185,0.72
185.5,0.77
186,0.84
186.5,0.83
187,0.72
187.5,0.61
188,0.37
188.5,0.10
190.5,0.04
191,0.15
191.5,0.30
192,0.40
192.5,0.41
193,0.41
193.5,0.38
194,0.35
194.5,0.34
195,0.31
195.5,0.30
196,0.26
196.5,0.24
197,0.26
197.5,0.28
198,0.26
198.5,0.23
199,0.17
199.5,0.12
200,0.09
200.5,0.11
201,0.10
201.5,0.13
202,0.17
202.5,0.16
203,0.19
203.5,0.18
204,0.17
204.5,0.18
205,0.16
205.5,0.13
206,0.13
206.5,0.15
207,0.13
207.5,0.12
208,0.09
208.5,0.12
209,0.10
209.5,0.14
210,0.13
210.5,0.14
211,0.13
211.5,0.10
212,0.09
212.5,0.08
213,0.21
213.5,0.13
214,0.09
214.5,0.02
220,0.02
220.5,0.09
221,0.21
221.5,0.35
222,0.47
222.5,0.53
223,0.49
223.5,0.56
224,0.58
224.5,0.57
225,0.58
225.5,0.55
226,0.52
226.5,0.49
227,0.48
227.5,0.49
228,0.45
228.5,0.33
229,0.21
229.5,0.07
230,0.00
232,0.08
232.5,0.27
233,0.40
233.5,0.53
234,0.62
234.5,0.59
235,0.48
235.5,0.42
236,0.29
236.5,0.25
237,0.26
237.5,0.21
238,0.12
238.5,0.08
239,0.04
239.5,0.06
240,0.10
240.5,0.21
241,0.24
241.5,0.29
242,0.35
242.5,0.37
243,0.43
243.5,0.42
244,0.40
244.5,0.35
245,0.32
245.5,0.35
246,0.39
246.5,0.47
247,0.54
247.5,0.63
248,0.71
248.5,0.76
249,0.88
249.5,1.06
250,0.96
250.5,0.79
251,0.72
251.5,0.74
252,0.78
252.5,0.82
253,0.81
253.5,0.73
254,0.65
254.5,0.57
255,0.44
255.5,0.36
256,0.17
256.5,0.06
257,0.02
261.5,0.01
262,0.07
262.5,0.14
263,0.18
263.5,0.22
264,0.26
264.5,0.30
265,0.33
265.5,0.33
266,0.28
266.5,0.22
267,0.18
267.5,0.14
268,0.10
268.5,0.05
269,0.03
269.5,0.06
270,0.09
270.5,0.05
271,0.12
271.5,0.17
272,0.18
272.5,0.19
273,0.14
273.5,0.24
274,0.33
274.5,0.39
275,0.40
275.5,0.39
276,0.32
276.5,0.27
277,0.28
277.5,0.35
278,0.41
278.5,0.35
279,0.36
279.5,0.47
280,0.47
280.5,0.37
281,0.20
281.5,0.12
282,0.12
282.5,0.18
283,0.24
283.5,0.26
284,0.32
284.5,0.36
285,0.42
285.5,0.48
286,0.57
286.5,0.69
287,0.76
287.5,0.74
288,0.67
288.5,0.71
289,0.79
289.5,0.91
290,1.08
290.5,1.14
291,1.12
291.5,1.22
292,1.28
292.5,1.33
293,1.44
293.5,1.54
294,1.59
294.5,1.63
295,1.59
295.5,1.48
296,1.34
296.5,1.29
297,1.26
297.5,1.22
298,1.12
298.5,1.06
299,1.05
299.5,1.04
300,1.04
300.5,1.00
301,0.96
301.5,0.92
302,0.89
302.5,0.79
303,0.75
303.5,0.70
304,0.67
304.5,0.66
305,0.70
305.5,0.74
306,0.75
306.5,0.79
307,0.84
307.5,0.86
308,0.89
308.5,0.88
309,0.83
309.5,0.75
310,0.67
310.5,0.60
311,0.54
311.5,0.45
312,0.38
312.5,0.28
313,0.20
313.5,-0.00
317,0.02
317.5,0.27
318,0.48
318.5,0.60
319,0.65
319.5,0.60
320,0.43
320.5,0.26
321,0.14
321.5,0.13
322,0.08
322.5,0.02
325,-0.00
325.5,0.12
326,0.20
326.5,0.25
327,0.22
327.5,0.23
328,0.36
328.5,0.53
329,0.61
329.5,0.72
330,0.67
330.5,0.57
331,0.48
331.5,0.31
332,0.26
332.5,0.29
333,0.33
333.5,0.34
334,0.49
334.5,0.57
335,0.74
335.5,0.82
336,0.74
336.5,0.77
337,0.85
337.5,0.90
338,0.87
338.5,0.85
339,0.84
339.5,0.84
340,0.88
340.5,0.99
341,1.09
341.5,1.15
342,1.22
342.5,1.29
343,1.29
343.5,1.39
344,1.46
344.5,1.53
345,1.52
345.5,1.52
346,1.53
346.5,1.50
347,1.48
347.5,1.48
348,1.44
348.5,1.41
349,1.36
349.5,1.35
350,1.34
350.5,1.38
351,1.37
351.5,1.31
352,1.30
352.5,1.33
353,1.33
353.5,1.29
354,1.22
354.5,1.18
355,1.13
355.5,1.06
356,0.94
356.5,0.93
357,0.92
357.5,0.86
358,0.83
358.5,0.80
359,0.75
359.5,0.69
360,0.63
360.5,0.64
361,0.62
361.5,0.62
362,0.61
362.5,0.61
363,0.56
363.5,0.52
364,0.56
364.5,0.64
365,0.75
365.5,0.84
366,0.92
366.5,0.96
367,1.00
367.5,1.01
368,1.07
368.5,1.12
369,1.14
369.5,1.20
370,1.27
370.5,1.26
371,1.21
371.5,1.20
372,1.34
372.5,1.50
373,1.59
373.5,1.69
374,1.73
374.5,1.60
375,1.40
375.5,1.28
376,1.18
376.5,1.05
377,0.92
377.5,0.90
378,0.92
378.5,0.94
379,0.97
379.5,0.93
380,0.91
380.5,1.11
381,1.16
381.5,1.11
382,1.13
382.5,1.17
383,1.16
383.5,1.12
384,1.14
384.5,1.10
385,1.09
385.5,1.21
386,1.32
386.5,1.38
387,1.44
387.5,1.42
388,1.41
388.5,1.39
389,1.39
389.5,1.36
390,1.33
390.5,1.29
391,1.17
391.5,1.04
392,0.90
392.5,0.89
393,0.91
393.5,0.88
394,0.95
394.5,1.08
395,1.19
395.5,1.26
396,1.31
396.5,1.33
397,1.33
397.5,1.25
398,1.19
398.5,1.10
399,1.07
399.5,1.00
400,0.98
400.5,1.06
401,1.04
401.5,0.92
402,0.82
402.5,0.85
403,0.90
403.5,0.99
404,0.98
404.5,0.97
405,1.04
405.5,1.11
406,1.11
406.5,1.15
407,1.22
407.5,1.20
408,1.15
408.5,1.10
409,1.03
409.5,0.93
410,0.89
410.5,0.90
411,0.98
411.5,1.12
412,1.24
412.5,1.30
413,1.36
413.5,1.32
414,1.32
414.5,1.27
415,1.24
415.5,1.24
416,1.22
416.5,1.16
417,1.12
417.5,1.04
418,0.97
418.5,0.90
419,0.90
419.5,0.91
420,0.99
420.5,1.10
421,1.16
421.5,1.26
422,1.35
422.5,1.46
423,1.53
423.5,1.54
424,1.52
424.5,1.47
425,1.39
425.5,1.30
426,1.22
426.5,1.21
427,1.17
427.5,1.13
428,1.10
428.5,1.06
429,1.05
429.5,1.07
430,1.14
430.5,1.28
431,1.48
431.5,1.67
432,1.73
432.5,1.81
433,1.83
433.5,1.79
434,1.75
434.5,1.70
435,1.65
435.5,1.57
436,1.52
436.5,1.47
437,1.44
437.5,1.47
438,1.46
438.5,1.44
439,1.40
439.5,1.33
440,1.22
440.5,1.10
441,1.14
441.5,1.13
442,1.18
442.5,1.17
443,1.20
443.5,1.20
444,1.04
444.5,0.97
445,1.11
445.5,1.27
446,1.42
446.5,1.56
447,1.59
447.5,1.59
448,1.56
448.5,1.59
449,1.55
449.5,1.53
450,1.48
450.5,1.38
451,1.28
451.5,1.21
452,1.11
452.5,1.01
453,0.94
453.5,0.85
454,0.76
454.5,0.67
455,0.64
455.5,0.56
456,0.58
456.5,0.58
457,0.42
457.5,0.48
458,0.63
458.5,0.86
459,1.04
459.5,1.17
460,1.20
460.5,1.26
461,1.25
461.5,1.21
462,1.14
462.5,1.06
463,1.01
463.5,1.05
464,1.05
464.5,1.04
465,0.98
465.5,0.98
466,0.95
466.5,0.90
467,0.78
467.5,0.65
468,0.53
468.5,0.43
469,0.30
469.5,0.29
470,0.39
470.5,0.55
471,0.59
471.5,0.68
472,0.68
472.5,0.67
473,0.65
473.5,0.60
474,0.71
474.5,0.72
475,0.64
475.5,0.63
476,0.61
476.5,0.57
477,0.58
477.5,0.54
478,0.47
478.5,0.46
479,0.48
479.5,0.58
480,0.67
480.5,0.83
481,1.05
481.5,1.24
482,1.29
482.5,1.42
483,1.45
483.5,1.35
484,1.17
484.5,0.99
485,0.84
485.5,0.73
486,0.69
486.5,0.75
487,0.99
487.5,1.16
488,1.49
488.5,1.58
489,1.43
489.5,1.14
490,0.99
490.5,0.96
491,0.94
491.5,0.90
492,0.89
492.5,0.94
493,1.00
493.5,1.09
494,1.22
494.5,1.41
495,1.55
495.5,1.62
496,1.65
496.5,1.62
497,1.61
497.5,1.59
498,1.54
498.5,1.50
499,1.40
499.5,1.28
500,1.14
500.5,1.08
501,1.02
501.5,0.98
502,0.90
502.5,0.84
503,0.85
503.5,0.89
504,0.92
504.5,0.97
505,1.04
505.5,1.04
506,1.05
506.5,1.02
507,0.96
507.5,0.85
508,0.77
508.5,0.67
509,0.61
509.5,0.59
510,0.50
510.5,0.39
511,0.33
511.5,0.24
512,0.21
512.5,0.20
513,0.18
513.5,0.21
514,0.17
514.5,0.20
515,0.22
515.5,0.28
516,0.42
516.5,0.52
517,0.64
517.5,0.68
518,0.65
518.5,0.60
519,0.61
519.5,0.61
520,0.59
520.5,0.60
521,0.54
521.5,0.53
522,0.53
522.5,0.58
523,0.61
523.5,0.67
524,0.75
524.5,0.79
525,0.85
525.5,0.97
526,1.01
526.5,1.05
527,1.10
527.5,1.15
528,1.10
528.5,1.11
529,1.15
529.5,1.28
530,1.36
530.5,1.44
531,1.45
531.5,1.38
532,1.38
532.5,1.38
533,1.35
533.5,1.29
534,1.25
534.5,1.21
535,1.27
535.5,1.26
536,1.25
536.5,1.27
537,1.26
537.5,1.29
538,1.29
538.5,1.30
539,1.35
539.5,1.40
540,1.60
540.5,1.65
541,1.69
541.5,1.69
542,1.60
542.5,1.56
543,1.44
543.5,1.42
544,1.40
544.5,1.34
545,1.36
545.5,1.35
546,1.30
546.5,1.22
547,1.23
547.5,1.17
548,1.16
548.5,1.20
549,1.21
549.5,1.22
550,1.20
550.5,1.22
551,1.22
551.5,1.17
552,1.18
552.5,1.16
553,1.15
553.5,1.10
554,1.07
554.5,1.00
555,0.94
555.5,0.90
556,0.90
556.5,0.94
557,1.03
557.5,1.13
558,1.15
558.5,1.20
559,1.25
559.5,1.29
560,1.31
560.5,1.27
561,1.18
561.5,1.14
562,1.11
562.5,1.10
563,1.21
563.5,1.33
564,1.48
564.5,1.52
565,1.45
565.5,1.40
566,1.42
566.5,1.41
567,1.38
567.5,1.38
568,1.38
568.5,1.41
569,1.46
569.5,1.49
570,1.51
570.5,1.52
571,1.48
571.5,1.46
572,1.39
572.5,1.34
573,1.32
573.5,1.31
574,1.34
574.5,1.38
575,1.36
575.5,1.37
576,1.39
576.5,1.43
577,1.42
577.5,1.47
578,1.51
578.5,1.55
579,1.58
579.5,1.63
580,1.62
580.5,1.61
581,1.59
581.5,1.58
582,1.52
582.5,1.47
583,1.40
583.5,1.36
584,1.30
584.5,1.32
585,1.35
585.5,1.39
586,1.37
586.5,1.33
587,1.31
587.5,1.28
588,1.27
588.5,1.22
589,1.16
589.5,1.10
590,1.04
590.5,1.01
591,1.00
591.5,1.04
592,1.05
592.5,1.08
593,1.11
593.5,1.12
594,1.18
594.5,1.15
595,1.17
595.5,1.19
596,1.24
596.5,1.25
597,1.35
597.5,1.40
598,1.44
598.5,1.54
599,1.60
599.5,1.55
600,1.53
600.5,1.48
601,1.38
601.5,1.36
602,1.46
602.5,1.57
603,1.57
603.5,1.60
604,1.57
604.5,1.49
605,1.39
605.5,1.32
606,1.25
606.5,1.20
607,1.21
607.5,1.20
608,1.19
608.5,1.19
609,1.19
609.5,1.17
610,1.15
610.5,1.14
611,1.14
611.5,1.02
612,0.91
612.5,0.87
613,0.85
613.5,0.84
614,0.87
614.5,0.95
615,0.91
615.5,0.93
616,0.91
616.5,0.93
617,0.99
617.5,1.09
618,1.16
618.5,1.25
619,1.28
619.5,1.26
620,1.23
620.5,1.20
621,1.11
621.5,1.04
622,1.04
622.5,1.07
623,1.11
623.5,1.11
624,1.09
624.5,1.09
625,1.07
625.5,1.08
626,1.04
626.5,1.01
627,1.03
627.5,1.03
628,1.02
628.5,1.01
629,1.00
629.5,0.97
630,0.94
630.5,0.91
631,0.89
631.5,0.86
632,0.88
632.5,0.90
633,0.93
633.5,0.95
634,1.01
634.5,1.03
635,1.06
635.5,1.04
636,1.06
636.5,1.18
637,1.15
637.5,1.19
638,1.21
638.5,1.19
639,1.09
639.5,1.14
640,1.27
640.5,1.23
641,1.16
641.5,1.17
642,1.20
642.5,1.30
643,1.46
643.5,1.69
644,1.60
644.5,1.57
645,1.65
645.5,1.77
646,1.75
646.5,1.83
647,1.91
647.5,1.90
648,1.82
648.5,1.78
649,1.78
649.5,1.69
650,1.63
650.5,1.63
651,1.64
651.5,1.71
652,1.77
652.5,1.72
653,1.66
653.5,1.50
654,1.41
654.5,1.36
655,1.42
655.5,1.46
656,1.58
656.5,1.64
657,1.54
657.5,1.54
658,1.62
658.5,1.64
659,1.76
659.5,1.79
660,1.87
660.5,1.85
661,1.81
661.5,1.70
662,1.65
662.5,1.56
663,1.52
663.5,1.44
664,1.50
664.5,1.68
665,1.92
665.5,1.98
666,1.94
666.5,1.81
667,1.79
667.5,1.84
668,1.88
668.5,1.71
669,1.63
669.5,1.41
670,1.25
670.5,1.17
671,1.13
671.5,1.17
672,1.31
672.5,1.56
673,1.72
673.5,1.71
674,1.56
674.5,1.41
675,1.39
675.5,1.41
676,1.34
676.5,1.32
677,1.22
677.5,1.17
678,1.08
678.5,1.04
679,1.00
679.5,1.00
680,1.08
680.5,1.11
681,1.15
681.5,1.13
682,1.14
682.5,1.18
683,1.24
683.5,1.23
684,1.29
684.5,1.30
685,1.30
685.5,1.34
686,1.43
686.5,1.49
687,1.53
687.5,1.55
688,1.54
688.5,1.49
689,1.42
689.5,1.35
690,1.27
690.5,1.20
691,1.12
691.5,1.05
692,0.97
692.5,0.92
693,0.88
693.5,0.84
694,0.81
694.5,0.85
695,0.95
695.5,0.99
696,0.95
696.5,0.88
697,0.85
697.5,0.80
698,0.78
698.5,0.79
699,1.07
699.5,1.06
700,1.05
700.5,1.16
701,1.19
701.5,1.25
702,1.21
702.5,1.14
703,1.12
703.5,0.99
704,0.77
704.5,0.61
705,0.31
705.5,0.37
706,0.50
706.5,0.51
707,0.52
707.5,0.47
708,0.59
708.5,0.65
709,0.91
709.5,1.13
710,1.09
710.5,1.11
711,1.26
711.5,1.48
712,1.59
712.5,1.64
713,1.63
713.5,1.65
714,1.70
714.5,1.60
715,1.54
715.5,1.50
716,1.57
716.5,1.65
717,1.71
717.5,1.75
718,1.73
718.5,1.75
719,1.79
719.5,1.78
720,1.76
720.5,1.77
721,1.78
721.5,1.70
722,1.68
722.5,1.60
723,1.54
723.5,1.52
724,1.56
724.5,1.59
725,1.65
725.5,1.70
726,1.62
726.5,1.49
727,1.30
727.5,1.16
728,1.06
728.5,1.04
729,0.96
729.5,0.97
730,1.07
730.5,1.20
731,1.30
731.5,1.30
732,1.29
732.5,1.33
733,1.33
733.5,1.37
734,1.38
734.5,1.49
735,1.50
735.5,1.57
736,1.65
736.5,1.73
737,1.88
737.5,1.99
738,2.00
738.5,1.98
739,1.87
739.5,1.79
740,1.67
740.5,1.57
741,1.52
741.5,1.43
742,1.39
742.5,1.34
743,1.31
743.5,1.38
744,1.42
744.5,1.51
745,1.55
745.5,1.58
746,1.58
746.5,1.61
747,1.61
747.5,1.64
748,1.64
748.5,1.64
749,1.62
749.5,1.61
750,1.59
750.5,1.60
751,1.61
751.5,1.61
752,1.62
752.5,1.66
753,1.68
753.5,1.69
754,1.66
754.5,1.61
755,1.56
755.5,1.55
756,1.54
756.5,1.52
757,1.43
757.5,1.37
758,1.30
758.5,1.28
759,1.32
759.5,1.30
760,1.32
760.5,1.35
761,1.40
761.5,1.45
762,1.48
762.5,1.51
763,1.50
763.5,1.46
764,1.42
764.5,1.39
765,1.35
765.5,1.30
766,1.21
766.5,1.16
767,1.14
767.5,1.07
768,1.11
768.5,1.12
769,1.14
769.5,1.16
770,1.27
770.5,1.34
771,1.42
771.5,1.52
772,1.63
772.5,1.68
773,1.76
773.5,1.83
774,1.92
774.5,1.87
775,1.83
775.5,1.73
776,1.61
776.5,1.52
777,1.45
777.5,1.42
778,1.41
778.5,1.34
779,1.29
779.5,1.22
780,1.10
780.5,1.00
781,0.90
781.5,0.83
782,0.70
782.5,0.60
783,0.48
783.5,0.42
784,0.29
784.5,0.14
785,0.05
785.5,-0.00
786,0.04
786.5,0.20
787,0.36
787.5,0.50
788,0.64
788.5,0.80
789,0.91
789.5,0.92
790,0.93
790.5,0.95
791,1.09
791.5,1.18
792,1.20
792.5,1.37
793,1.38
793.5,1.30
794,1.14
794.5,1.05
795,0.90
795.5,0.91
796,0.99
796.5,1.03
797,1.01
797.5,1.01
798,1.08
798.5,1.17
799,1.28
799.5,1.37
800,1.48
800.5,1.54
801,1.58
801.5,1.59
802,1.63
802.5,1.66
803,1.66
803.5,1.53
804,1.42
804.5,1.30
805,1.16
805.5,1.12
806,1.14
806.5,1.12
807,0.94
807.5,0.75
808,0.70
808.5,0.79
809,0.93
809.5,1.16
810,1.37
810.5,1.51
811,1.56
811.5,1.47
812,1.42
812.5,1.41
813,1.34
813.5,1.23
814,1.13
814.5,1.07
815,1.03
815.5,1.04
816,1.12
816.5,1.20
817,1.28
817.5,1.43
818,1.57
818.5,1.63
819,1.63
819.5,1.56
820,1.49
820.5,1.44
821,1.40
821.5,1.39
822,1.39
822.5,1.34
823,1.31
823.5,1.32
824,1.27
824.5,1.15
825,1.00
825.5,0.89
826,0.84
826.5,0.84
827,0.84
827.5,0.98
828,1.07
828.5,1.24
829,1.35
829.5,1.44
830,1.57
830.5,1.70
831,1.76
831.5,1.80
832,1.83
832.5,1.75
833,1.67
833.5,1.59
834,1.40
834.5,1.21
835,1.01
835.5,0.83
836,0.67
836.5,0.56
837,0.49
837.5,0.50
838,0.55
838.5,0.59
839,0.66
839.5,0.83
840,1.02
840.5,1.10
841,1.06
841.5,1.01
842,1.05
842.5,1.20
843,1.31
843.5,1.29
844,1.22
844.5,1.22
845,1.18
845.5,1.21
846,1.27
846.5,1.29
847,1.32
847.5,1.27
848,1.26
848.5,1.21
849,1.05
849.5,0.99
850,1.00
850.5,0.98
851,0.98
851.5,1.07
852,1.18
852.5,1.22
853,1.24
853.5,1.20
854,1.15
854.5,1.06
855,0.97
855.5,0.93
856,0.85
856.5,0.79
857,0.78
857.5,0.78
858,0.80
858.5,0.89
859,0.98
859.5,1.12
860,1.26
860.5,1.28
861,1.29
861.5,1.36
862,1.36
862.5,1.28
863,1.16
863.5,1.01
864,0.88
864.5,0.75
865,0.66
865.5,0.62
866,0.77
866.5,0.62
867,0.57
867.5,0.59
868,0.73
868.5,0.87
869,1.07
869.5,1.22
870,1.30
870.5,1.41
871,1.43
871.5,1.43
872,1.48
872.5,1.50
873,1.55
873.5,1.58
874,1.63
874.5,1.64
875,1.64
875.5,1.63
876,1.58
876.5,1.54
877,1.47
877.5,1.43
878,1.33
878.5,1.23
879,1.20
879.5,1.12
880,1.12
880.5,1.06
881,1.14
881.5,1.15
882,1.18
882.5,1.15
883,1.30
883.5,1.37
884,1.35
884.5,1.50
885,1.67
885.5,1.77
886,1.70
886.5,1.60
887,1.56
887.5,1.55
888,1.45
888.5,1.44
889,1.42
889.5,1.47
890,1.55
890.5,1.62
891,1.63
891.5,1.69
892,1.69
892.5,1.69
893,1.70
893.5,1.66
894,1.61
894.5,1.54
895,1.42
895.5,1.32
896,1.26
896.5,1.24
897,1.16
897.5,1.14
898,1.09
898.5,1.10
899,1.07
899.5,1.04
900,0.99
900.5,0.97
901,1.02
901.5,1.03
902,1.01
902.5,1.01
903,1.05
903.5,1.12
904,1.17
904.5,1.27
905,1.35
905.5,1.43
906,1.44
906.5,1.44
907,1.44
907.5,1.56
908,1.67
908.5,1.69
909,1.72
909.5,1.71
910,1.71
910.5,1.73
911,1.79
911.5,1.78
912,1.76
912.5,1.72
913,1.63
913.5,1.59
914,1.60
914.5,1.60
915,1.61
915.5,1.55
916,1.53
916.5,1.53
917,1.48
917.5,1.47
918,1.48
918.5,1.52
919,1.57
919.5,1.61
920,1.63
920.5,1.61
921,1.66
921.5,1.71
922,1.68
922.5,1.64
923,1.54
923.5,1.43
924,1.39
924.5,1.39
925,1.39
925.5,1.34
926,1.22
926.5,1.19
927,1.13
927.5,1.10
928,1.08
928.5,0.97
929,0.84
929.5,0.73
930,0.66
930.5,0.60
931,0.59
931.5,0.60
932,0.60
932.5,0.65
933,0.76
933.5,0.82
934,0.92
934.5,1.08
935,1.29
935.5,1.29
936,1.21
936.5,1.14
937,1.09
937.5,1.06
938,1.00
938.5,1.00
939,0.96
939.5,0.95
940,1.06
940.5,1.19
941,1.28
941.5,1.32
942,1.40
942.5,1.43
943,1.50
943.5,1.55
944,1.69
944.5,1.77
945,1.80
945.5,1.78
946,1.70
946.5,1.67
947,1.64
947.5,1.56
948,1.52
948.5,1.44
949,1.32
949.5,1.18
950,1.02
950.5,0.85
951,0.74
951.5,0.71
952,0.80
952.5,0.97
953,1.14
953.5,1.21
954,1.21
954.5,1.22
955,1.17
955.5,1.16
956,1.23
956.5,1.23
957,1.20
957.5,1.21
958,1.17
958.5,1.16
959,1.16
959.5,1.25
960,1.27
960.5,1.33
961,1.42
961.5,1.49
962,1.58
962.5,1.57
963,1.54
963.5,1.49
964,1.42
964.5,1.45
965,1.42
965.5,1.44
966,1.44
966.5,1.39
967,1.38
967.5,1.33
968,1.28
968.5,1.24
969,1.23
969.5,1.26
970,1.34
970.5,1.37
971,1.41
971.5,1.44
972,1.49
972.5,1.43
973,1.45
973.5,1.50
974,1.48
974.5,1.51
975,1.58
975.5,1.54
976,1.50
976.5,1.47
977,1.42
977.5,1.34
978,1.37
978.5,1.33
979,1.28
979.5,1.28
980,1.28
980.5,1.27
981,1.31
981.5,1.33
982,1.29
982.5,1.24
983,1.17
983.5,1.13
984,1.09
984.5,1.04
985,1.01
985.5,0.94
986,0.93
986.5,0.86
987,0.80
987.5,0.74
988,0.65
988.5,0.68
989,0.79
989.5,0.87
990,0.94
990.5,1.03
991,1.09
991.5,1.08
992,1.02
992.5,1.00
993,0.97
993.5,0.93
994,0.97
994.5,0.97
995,0.87
995.5,0.68
996,0.52
996.5,0.57
997,0.58
997.5,0.65
998,0.77
998.5,0.90
999,0.91
999.5,0.91
1000,0.81
1000.5,0.71
1001,0.76
1001.5,0.88
1002,1.06
1002.5,1.09
1003,1.10
1003.5,1.13
1004,1.13
1004.5,1.11
1005,1.23
1005.5,1.36
1006,1.40
1006.5,1.42
1007,1.49
1007.5,1.57
1008,1.61
1008.5,1.61
1009,1.55
1009.5,1.53
1010,1.58
1010.5,1.55
1011,1.49
1011.5,1.44
1012,1.35
1012.5,1.22
1013,1.04
1013.5,0.89
1014,0.81
1014.5,0.75
1015,0.71
1015.5,0.66
1016,0.60
1016.5,0.55
1017,0.58
1017.5,0.74
1018,0.89
1018.5,0.97
1019,1.00
1019.5,0.99
1020,1.02
1020.5,1.08
1021,1.09
1021.5,1.18
1022,1.24
1022.5,1.31
1023,1.39
1023.5,1.44
1024,1.45
1024.5,1.43
1025,1.49
1025.5,1.52
1026,1.56
1026.5,1.52
1027,1.61
1027.5,1.63
1028,1.56
1028.5,1.52
1029,1.60
1029.5,1.73
1030,1.87
1030.5,1.76
1031,1.68
1031.5,1.57
1032,1.49
1032.5,1.44
1033,1.33
1033.5,1.19
1034,1.17
1034.5,1.18
1035,1.18
1035.5,1.29
1036,1.36
1036.5,1.41
1037,1.44
1037.5,1.50
1038,1.59
1038.5,1.74
1039,1.78
1039.5,1.72
1040,1.78
1040.5,1.73
1041,1.60
1041.5,1.44
1042,1.35
1042.5,1.26
1043,1.25
1043.5,1.26
1044,1.39
1044.5,1.44
1045,1.50
1045.5,1.49
1046,1.39
1046.5,1.25
1047,1.13
1047.5,1.16
1048,1.23
1048.5,1.25
1049,1.31
1049.5,1.35
1050,1.33
1050.5,1.35
1051,1.36
1051.5,1.33
1052,1.27
1052.5,1.21
1053,1.12
1053.5,1.06
1054,1.04
1054.5,1.02
1055,0.98
1055.5,0.92
1056,0.94
1056.5,0.95
1057,0.90
1057.5,0.90
1058,0.96
1058.5,1.09
1059,1.31
1059.5,1.45
1060,1.51
1060.5,1.50
1061,1.49
1061.5,1.43
1062,1.39
1062.5,1.36
1063,1.38
1063.5,1.45
1064,1.57
1064.5,1.62
1065,1.66
1065.5,1.62
1066,1.64
1066.5,1.65
1067,1.59
1067.5,1.48
1068,1.43
1068.5,1.38
1069,1.41
1069.5,1.33
1070,1.41
1070.5,1.55
1071,1.67
1071.5,1.73
1072,1.75
1072.5,1.78
1073,1.80
1073.5,1.81
1074,1.74
1074.5,1.70
1075,1.67
1075.5,1.63
1076,1.66
1076.5,1.70
1077,1.74
1077.5,1.77
1078,1.78
1078.5,1.64
1079,1.59
1079.5,1.52
1080,1.49
1080.5,1.45
1081,1.35
1081.5,1.33
1082,1.31
1082.5,1.28
1083,1.28
1083.5,1.25
1084,1.23
1084.5,1.23
1085,1.24
1085.5,1.26
1086,1.24
1086.5,1.20
1087,1.16
1087.5,1.14
1088,1.12
1088.5,1.08
1089,1.06
1089.5,1.02
1090,0.99
1090.5,0.92
1091,0.81
1091.5,0.75
1092,0.71
1092.5,0.72
1093,0.76
1093.5,0.80
1094,0.91
1094.5,0.99
1095,0.93
1095.5,0.89
1096,0.92
1096.5,0.94
1097,0.95
1097.5,0.94
1098,0.98
1098.5,1.03
1099,1.14
1099.5,1.27
1100,1.49
1100.5,1.73
1101,1.88
1101.5,1.96
1102,1.88
1102.5,1.86
1103,1.82
1103.5,1.70
1104,1.74
1104.5,1.72
1105,1.67
1105.5,1.70
1106,1.69
1106.5,1.72
1107,1.70
1107.5,1.63
1108,1.53
1108.5,1.52
1109,1.62
1109.5,1.59
1110,1.55
1110.5,1.64
1111,1.57
1111.5,1.58
1112,1.56
1112.5,1.45
1113,1.35
1113.5,1.22
1114,1.15
1114.5,1.10
1115,1.11
1115.5,1.16
1116,1.20
1116.5,1.28
1117,1.30
1117.5,1.35
1118,1.34
1118.5,1.35
1119,1.31
1119.5,1.25
1120,1.22
1120.5,1.22
1121,1.20
1121.5,1.22
1122,1.19
1122.5,1.11
1123,1.06
1123.5,1.04
1124,0.93
1124.5,0.78
1125,0.75
1125.5,0.83
1126,0.97
1126.5,1.16
1127,1.24
1127.5,1.21
1128,1.29
1128.5,1.41
1129,1.49
1129.5,1.54
1130,1.57
1130.5,1.58
1131,1.54
1131.5,1.51
1132,1.47
1132.5,1.42
1133,1.36
1133.5,1.36
1134,1.34
1134.5,1.38
1135,1.45
1135.5,1.43
1136,1.42
1136.5,1.37
1137,1.26
1137.5,1.13
1138,1.09
1138.5,1.05
1139,1.05
1139.5,1.05
1140,1.02
1140.5,1.04
1141,1.01
1141.5,1.03
1142,0.99
1142.5,0.97
1143,0.96
1143.5,0.98
1144,0.97
1144.5,0.92
1145,0.91
1145.5,0.93
1146,1.00
1146.5,1.06
1147,1.19
1147.5,1.28
1148,1.36
1148.5,1.48
1149,1.60
1149.5,1.59
1150,1.49
1150.5,1.41
1151,1.31
1151.5,1.29
1152,1.24
1152.5,1.17
1153,1.11
1153.5,1.00
1154,0.85
1154.5,0.77
1155,0.75
1155.5,0.78
1156,0.85
1156.5,0.87
1157,0.90
1157.5,0.90
1158,0.87
1158.5,0.76
1159,0.64
1159.5,0.55
1160,0.47
1160.5,0.39
1161,0.39
1161.5,0.48
1162,0.60
1162.5,0.67
1163,0.87
1163.5,1.01
1164,1.04
1164.5,1.07
1165,1.14
1165.5,1.24
1166,1.27
1166.5,1.25
1167,1.12
1167.5,1.05
1168,0.99
1168.5,0.95
1169,0.89
1169.5,0.94
1170,0.96
1170.5,0.99
1171,1.09
1171.5,1.07
1172,0.86
1172.5,0.88
1173,0.77
1173.5,0.65
1174,0.62
1174.5,0.54
1175,0.57
1175.5,0.72
1176,0.98
1176.5,1.21
1177,1.33
1177.5,1.32
1178,1.27
1178.5,1.20
1179,1.18
1179.5,1.14
1180,1.13
1180.5,1.09
1181,0.99
1181.5,0.93
1182,0.94
1182.5,1.02
1183,1.20
1183.5,1.28
1184,1.32
1184.5,1.32
1185,1.44
1185.5,1.38
1186,1.29
1186.5,1.21
1187,1.16
1187.5,1.15
1188,1.15
1188.5,1.11
1189,1.24
1189.5,1.18
1190,1.06
1190.5,0.91
1191,0.74
1191.5,0.60
1192,0.59
1192.5,0.66
1193,0.71
1193.5,0.82
1194,0.90
1194.5,0.86
1195,0.88
1195.5,0.88
1196,0.93
1196.5,0.93
1197,0.94
1197.5,0.92
1198,0.96
1198.5,1.02
1199,1.05
1199.5,1.13
1200,1.22
1200.5,1.34
1201,1.38
1201.5,1.38
1202,1.33
1202.5,1.32
1203,1.28
1203.5,1.32
1204,1.33
1204.5,1.36
1205,1.35
1205.5,1.41
1206,1.42
1206.5,1.43
1207,1.41
1207.5,1.39
1208,1.44
1208.5,1.48
1209,1.50
1209.5,1.50
1210,1.53
1210.5,1.56
1211,1.53
1211.5,1.51
1212,1.42
1212.5,1.40
1213,1.33
1213.5,1.30
1214,1.27
1214.5,1.17
1215,1.11
1215.5,1.02
1216,0.98
1216.5,0.95
1217,0.89
1217.5,0.84
1218,0.76
1218.5,0.78
1219,0.90
1219.5,0.98
1220,1.04
1220.5,1.13
1221,1.22
1221.5,1.18
1222,1.18
1222.5,1.25
1223,1.29
1223.5,1.33
1224,1.38
1224.5,1.49
1225,1.62
1225.5,1.66
1226,1.73
1226.5,1.77
1227,1.83
1227.5,1.78
1228,1.70
1228.5,1.51
1229,1.26
1229.5,1.04
1230,0.92
1230.5,0.91
1231,0.96
1231.5,1.11
1232,1.37
1232.5,1.62
1233,1.77
1233.5,1.84
1234,1.81
1234.5,1.69
1235,1.66
1235.5,1.65
1236,1.62
1236.5,1.42
1237,1.33
1237.5,1.38
1238,1.40
1238.5,1.31
1239,1.43
1239.5,1.59
1240,1.69
1240.5,1.85
1241,1.88
1241.5,1.91
1242,1.89
1242.5,1.81
1243,1.76
1243.5,1.63
1244,1.52
1244.5,1.48
1245,1.54
1245.5,1.54
1246,1.49
1246.5,1.46
1247,1.48
1247.5,1.56
1248,1.69
1248.5,1.80
1249,1.84
1249.5,1.78
1250,1.80
1250.5,1.79
1251,1.75
1251.5,1.66
1252,1.59
1252.5,1.49
1253,1.41
1253.5,1.30
1254,1.23
1254.5,1.14
1255,1.08
1255.5,0.97
1256,0.87
1256.5,0.81
1257,0.78
1257.5,0.80
1258,0.84
1258.5,0.96
1259,1.11
1259.5,1.28
1260,1.41
1260.5,1.44
1261,1.46
1261.5,1.49
1262,1.48
1262.5,1.48
1263,1.47
1263.5,1.50
1264,1.47
1264.5,1.43
1265,1.48
1265.5,1.55
1266,1.66
1266.5,1.76
1267,1.84
1267.5,1.87
1268,1.85
1268.5,1.82
1269,1.77
1269.5,1.69
1270,1.50
1270.5,1.33
1271,1.18
1271.5,1.04
1272,0.92
1272.5,0.83
1273,0.84
1273.5,0.86
1274,0.87
1274.5,0.92
1275,0.91
1275.5,0.92
1276,0.86
1276.5,0.73
1277,0.60
1277.5,0.65
1278,0.89
1278.5,1.09
1279,1.17
1279.5,1.22
1280,1.30
1280.5,1.52
1281,1.70
1281.5,1.82
1282,1.85
1282.5,1.81
1283,1.79
1283.5,1.72
1284,1.64
1284.5,1.60
1285,1.54
1285.5,1.51
1286,1.57
1286.5,1.61
1287,1.65
1287.5,1.72
1288,1.73
1288.5,1.76
1289,1.83
1289.5,1.89
1290,1.98
1290.5,2.04
1291,2.08
1291.5,2.05
1292,1.96
1292.5,1.93
1293,1.87
1293.5,1.74
1294,1.63
1294.5,1.57
1295,1.56
1295.5,1.50
1296,1.47
1296.5,1.39
1297,1.35
1297.5,1.28
1298,1.30
1298.5,1.34
1299,1.41
1299.5,1.41
1300,1.45
1300.5,1.54
1301,1.68
1301.5,1.83
1302,1.87
1302.5,1.79
1303,1.69
1303.5,1.58
1304,1.52
1304.5,1.44
1305,1.40
1305.5,1.41
1306,1.44
1306.5,1.49
1307,1.44
1307.5,1.40
1308,1.43
1308.5,1.42
1309,1.44
1309.5,1.46
1310,1.56
1310.5,1.64
1311,1.65
1311.5,1.68
1312,1.66
1312.5,1.61
1313,1.56
1313.5,1.44
1314,1.31
1314.5,1.24
1315,1.20
1315.5,1.13
1316,1.03
1316.5,1.04
1317,1.01
1317.5,1.07
1318,1.16
1318.5,1.18
1319,1.15
1319.5,1.11
1320,1.06
1320.5,0.97
1321,1.01
1321.5,1.04
1322,1.11
1322.5,1.26
1323,1.40
1323.5,1.47
1324,1.56
1324.5,1.57
1325,1.49
1325.5,1.54
1326,1.47
1326.5,1.30
1327,1.25
1327.5,1.15
1328,1.06
1328.5,1.02
1329,0.94
1329.5,0.94
1330,1.00
1330.5,1.19
1331,1.40
1331.5,1.59
1332,1.66
1332.5,1.69
1333,1.69
1333.5,1.51
1334,1.34
1334.5,1.26
1335,1.18
1335.5,1.26
1336,1.41
1336.5,1.50
1337,1.60
1337.5,1.62
1338,1.64
1338.5,1.57
1339,1.67
1339.5,1.66
1340,1.69
1340.5,1.68
1341,1.53
1341.5,1.36
1342,1.34
1342.5,1.29
1343,1.34
1343.5,1.39
1344,1.42
1344.5,1.40
1345,1.28
1345.5,1.06
1346,0.84
1346.5,0.80
1347,0.63
1347.5,0.59
1348,0.74
1348.5,0.83
1349,1.13
1349.5,1.38
1350,1.55
1350.5,1.58
1351,1.59
1351.5,1.60
1352,1.73
1352.5,1.58
1353,1.44
1353.5,1.28
1354,1.21
1354.5,1.20
1355,1.18
1355.5,1.15
1356,1.15
1356.5,1.13
1357,1.21
1357.5,1.25
1358,1.26
1358.5,1.21
1359,1.15
1359.5,1.06
1360,0.99
1360.5,0.97
1361,0.87
1361.5,0.78
1362,0.63
1362.5,0.43
1363,0.38
1363.5,0.47
1364,0.62
1364.5,0.66
1365,0.64
1365.5,0.58
1366,0.39
1366.5,0.32
1367,0.41
1367.5,0.52
1368,0.55
1368.5,0.65
1369,0.69
1369.5,0.76
1370,0.90
1370.5,1.04
1371,1.13
1371.5,1.21
1372,1.30
1372.5,1.38
1373,1.47
1373.5,1.48
1374,1.48
1374.5,1.52
1375,1.55
1375.5,1.58
1376,1.56
1376.5,1.56
1377,1.59
1377.5,1.67
1378,1.71
1378.5,1.78
1379,1.85
1379.5,1.89
1380,1.86
1380.5,1.87
1381,1.89
1381.5,1.89
1382,1.88
1382.5,1.89
1383,1.84
1383.5,1.85
1384,1.85
1384.5,1.87
1385,1.87
1385.5,1.87
1386,1.86
1386.5,1.82
1387,1.74
1387.5,1.67
1388,1.57
1388.5,1.45
1389,1.38
1389.5,1.38
1390,1.42
1390.5,1.46
1391,1.40
1391.5,1.32
1392,1.24
1392.5,1.09
1393,1.03
1393.5,1.03
1394,1.09
1394.5,1.22
1395,1.42
1395.5,1.60
1396,1.72
1396.5,1.70
1397,1.72
1397.5,1.77
1398,1.83
1398.5,1.87
1399,2.02
1399.5,2.06
1400,2.05
1400.5,2.00
1401,1.76
1401.5,1.42
1402,1.11
1402.5,1.01
1403,0.89
1403.5,0.88
1404,0.82
1404.5,0.77
1405,0.73
1405.5,0.80
1406,0.91
1406.5,1.05
1407,1.27
1407.5,1.55
1408,1.69
1408.5,1.83
1409,1.88
1409.5,1.75
1410,1.61
1410.5,1.46
1411,1.44
1411.5,1.41
1412,1.47
1412.5,1.44
1413,1.53
1413.5,1.56
1414,1.61
1414.5,1.58
1415,1.56
1415.5,1.52
1416,1.54
1416.5,1.60
1417,1.75
1417.5,1.89
1418,2.02
1418.5,2.10
1419,2.15
1419.5,2.22
1420,2.25
1420.5,2.33
1421,2.35
1421.5,2.30
1422,2.24
1422.5,2.15
1423,2.01
1423.5,1.84
1424,1.74
1424.5,1.57
1425,1.52
1425.5,1.54
1426,1.66
1426.5,1.75
1427,1.69
1427.5,1.63
1428,1.59
1428.5,1.58
1429,1.54
1429.5,1.53
1430,1.53
1430.5,1.53
1431,1.44
1431.5,1.47
1432,1.51
1432.5,1.48
1433,1.45
1433.5,1.41
1434,1.41
1434.5,1.46
1435,1.48
1435.5,1.51
1436,1.63
1436.5,1.73
1437,1.81
1437.5,1.84
1438,1.83
1438.5,1.78
1439,1.80
1439.5,1.78
1440,1.73
1440.5,1.65
1441,1.60
1441.5,1.55
1442,1.56
1442.5,1.57
1443,1.60
1443.5,1.50
1444,1.49
1444.5,1.43
1445,1.38
1445.5,1.37
1446,1.41
1446.5,1.25
1447,1.06
1447.5,0.99
1448,0.96
1448.5,1.18
1449,1.38
1449.5,1.54
1450,1.56
1450.5,1.50
1451,1.45
1451.5,1.44
1452,1.46
1452.5,1.49
1453,1.57
1453.5,1.65
1454,1.70
1454.5,1.85
1455,1.94
1455.5,2.02
1456,2.01
1456.5,1.99
1457,1.91
1457.5,1.84
1458,1.75
1458.5,1.72
1459,1.86
1459.5,1.98
1460,2.08
1460.5,2.15
1461,2.25
1461.5,2.33
1462,2.50
1462.5,2.55
1463,2.68
1463.5,2.75
1464,2.78
1464.5,2.71
1465,2.61
1465.5,2.55
1466,2.47
1466.5,2.38
1467,2.32
1467.5,2.22
1468,2.10
1468.5,2.09
1469,2.00
1469.5,1.89
1470,1.87
1470.5,1.88
1471,1.90
1471.5,1.87
1472,1.84
1472.5,1.80
1473,1.77
1473.5,1.73
1474,1.75
1474.5,1.71
1475,1.72
1475.5,1.74
1476,1.73
1476.5,1.67
1477,1.73
1477.5,1.73
1478,1.77
1478.5,1.75
1479,1.72
1479.5,1.72
1480,1.77
1480.5,1.86
1481,1.86
1481.5,1.95
1482,1.92
1482.5,1.90
1483,1.85
1483.5,1.77
1484,1.68
1484.5,1.61
1485,1.52
1485.5,1.39
1486,1.35
1486.5,1.30
1487,1.28
1487.5,1.27
1488,1.26
1488.5,1.30
1489,1.33
1489.5,1.37
1490,1.47
1490.5,1.52
1491,1.56
1491.5,1.55
1492,1.56
1492.5,1.55
1493,1.57
1493.5,1.60
1494,1.62
1494.5,1.68
1495,1.62
1495.5,1.63
1496,1.66
1496.5,1.63
1497,1.61
1497.5,1.58
1498,1.57
1498.5,1.57
1499,1.58
1499.5,1.54
1500,1.50
1500.5,1.52
1501,1.53
1501.5,1.50
1502,1.51
1502.5,1.47
1503,1.43
1503.5,1.33
1504,1.40
1504.5,1.45
1505,1.43
1505.5,1.43
1506,1.51
1506.5,1.54
1507,1.54
1507.5,1.52
1508,1.49
1508.5,1.44
1509,1.35
1509.5,1.31
1510,1.37
1510.5,1.36
1511,1.28
1511.5,1.26
1512,1.20
1512.5,1.32
1513,1.53
1513.5,1.65
1514,1.79
1514.5,1.99
1515,2.10
1515.5,2.17
1516,2.25
1516.5,2.39
1517,2.51
1517.5,2.56
1518,2.58
1518.5,2.53
1519,2.62
1519.5,2.61
1520,2.56
1520.5,2.46
1521,2.37
1521.5,2.28
1522,2.21
1522.5,2.22
1523,2.24
1523.5,2.27
1524,2.34
1524.5,2.32
1525,2.19
1525.5,2.10
1526,1.95
1526.5,1.83
1527,1.78
1527.5,1.79
1528,1.86
1528.5,1.90
1529,1.95
1529.5,1.96
1530,1.96
1530.5,1.94
1531,1.93
1531.5,1.90
1532,1.81
1532.5,1.63
1533,1.43
1533.5,1.28
1534,1.25
1534.5,1.34
1535,1.55
1535.5,1.74
1536,1.87
1536.5,2.05
1537,2.23
1537.5,2.34
1538,2.34
1538.5,2.21
1539,2.06
1539.5,1.89
1540,1.65
1540.5,1.38
1541,1.22
1541.5,1.24
1542,1.29
1542.5,1.28
1543,1.32
1543.5,1.43
1544,1.53
1544.5,1.67
1545,1.70
1545.5,1.62
1546,1.62
1546.5,1.60
1547,1.53
1547.5,1.36
1548,1.34
1548.5,1.51
1549,1.77
1549.5,1.99
1550,2.10
1550.5,2.14
1551,2.11
1551.5,2.11
1552,2.07
1552.5,2.03
1553,2.05
1553.5,2.04
1554,2.03
1554.5,2.02
1555,1.97
1555.5,1.91
1556,1.87
1556.5,1.85
1557,1.85
1557.5,1.92
1558,2.01
1558.5,2.12
1559,2.25
1559.5,2.31
1560,2.35
1560.5,2.31
1561,2.31
1561.5,2.35
1562,2.47
1562.5,2.55
1563,2.62
1563.5,2.62
1564,2.50
1564.5,2.34
1565,2.22
1565.5,2.14
1566,2.06
1566.5,2.02
1567,2.00
1567.5,2.06
1568,2.11
1568.5,2.13
1569,2.14
1569.5,2.03
1570,1.99
1570.5,2.08
1571,2.15
1571.5,2.17
1572,2.06
1572.5,1.90
1573,1.85
1573.5,1.82
1574,1.69
1574.5,1.57
1575,1.44
1575.5,1.35
1576,1.36
1576.5,1.63
1577,1.90
1577.5,1.96
1578,2.02
1578.5,1.98
1579,1.97
1579.5,1.95
1580,1.89
1580.5,1.89
1581,1.97
1581.5,2.02
1582,1.99
1582.5,1.94
1583,1.88
1583.5,1.84
1584,1.72
1584.5,1.61
1585,1.49
1585.5,1.43
1586,1.36
1586.5,1.35
1587,1.35
1587.5,1.38
1588,1.38
1588.5,1.34
1589,1.35
1589.5,1.52
1590,1.69
1590.5,1.77
1591,1.82
1591.5,1.84
1592,1.90
1592.5,1.81
1593,1.55
1593.5,1.41
1594,1.35
1594.5,1.38
1595,1.42
1595.5,1.47
1596,1.48
1596.5,1.46
1597,1.51
1597.5,1.69
1598,1.78
1598.5,1.74
1599,1.65
1599.5,1.60
1600,1.42
1600.5,1.25
1601,1.20
1601.5,1.23
1602,1.18
1602.5,1.35
1603,1.60
1603.5,1.84
1604,2.03
1604.5,2.08
1605,2.18
1605.5,2.36
1606,2.55
1606.5,2.69
1607,2.76
1607.5,2.66
1608,2.43
1608.5,2.20
1609,1.99
1609.5,1.93
1610,1.92
1610.5,1.92
1611,1.93
1611.5,1.97
1612,1.95
1612.5,1.83
1613,1.76
1613.5,1.81
1614,1.92
1614.5,1.95
1615,1.94
1615.5,1.89
1616,1.83
1616.5,1.85
1617,1.89
1617.5,1.97
1618,1.90
1618.5,1.88
1619,1.84
1619.5,1.75
1620,1.66
1620.5,1.59
1621,1.53
1621.5,1.60
1622,1.69
1622.5,1.82
1623,1.83
1623.5,1.82
1624,1.80
1624.5,1.78
1625,1.86
1625.5,1.83
1626,1.86
1626.5,1.90
1627,1.89
1627.5,1.88
1628,1.88
1628.5,1.88
1629,1.94
1629.5,1.93
1630,1.80
1630.5,1.73
1631,1.71
1631.5,1.69
1632,1.63
1632.5,1.65
1633,1.66
1633.5,1.72
1634,1.73
1634.5,1.69
1635,1.65
1635.5,1.61
1636,1.58
1636.5,1.57
1637,1.54
1637.5,1.54
1638,1.57
1638.5,1.64
1639,1.64
1639.5,1.66
1640,1.77
1640.5,1.89
1641,1.94
1641.5,1.97
1642,1.93
1642.5,1.90
1643,1.91
1643.5,1.93
1644,1.98
1644.5,1.97
1645,2.01
1645.5,2.01
1646,2.02
1646.5,2.03
1647,2.04
1647.5,2.11
1648,2.14
1648.5,2.25
1649,2.34
1649.5,2.38
1650,2.35
1650.5,2.24
1651,2.19
1651.5,2.11
1652,2.10
1652.5,2.05
1653,2.00
1653.5,1.95
1654,1.92
1654.5,1.89
1655,1.87
1655.5,1.84
1656,1.88
1656.5,1.90
1657,1.91
1657.5,1.90
1658,1.92
1658.5,1.89
1659,1.91
1659.5,1.91
1660,1.91
1660.5,1.89
1661,1.87
1661.5,1.89
1662,1.88
1662.5,1.89
1663,1.86
1663.5,1.84
1664,1.83
1664.5,1.80
1665,1.79
1665.5,1.76
1666,1.66
1666.5,1.56
1667,1.45
1667.5,1.45
1668,1.52
1668.5,1.69
1669,1.71
1669.5,1.81
1670,1.82
1670.5,1.91
1671,1.87
1671.5,1.94
1672,1.73
1672.5,1.66
1673,1.70
1673.5,1.67
1674,1.81
1674.5,1.87
1675,1.89
1675.5,1.96
1676,2.15
1676.5,2.46
1677,2.59
1677.5,2.59
1678,2.62
1678.5,2.62
1679,2.39
1679.5,2.05
1680,2.04
1680.5,2.10
1681,2.09
1681.5,2.01
1682,1.94
1682.5,1.89
1683,1.88
1683.5,1.92
1684,1.98
1684.5,2.15
1685,2.25
1685.5,2.22
1686,2.27
1686.5,2.23
1687,2.12
1687.5,2.07
1688,1.98
1688.5,1.88
1689,1.86
1689.5,1.88
1690,1.91
1690.5,1.97
1691,2.04
1691.5,2.11
1692,2.12
1692.5,2.16
1693,2.16
1693.5,2.15
1694,2.14
1694.5,2.20
1695,2.22
1695.5,2.28
1696,2.31
1696.5,2.35
1697,2.37
1697.5,2.36
1698,2.38
1698.5,2.39
1699,2.35
1699.5,2.38
1700,2.44
1700.5,2.46
1701,2.53
1701.5,2.51
1702,2.41
1702.5,2.32
1703,2.25
1703.5,2.17
1704,2.15
1704.5,2.15
1705,2.20
1705.5,2.16
1706,2.12
1706.5,2.07
1707,2.04
1707.5,2.01
1708,2.05
1708.5,2.08
1709,2.03
1709.5,1.98
1710,1.96
1710.5,1.90
1711,1.93
1711.5,1.92
1712,1.97
1712.5,2.01
1713,2.03
1713.5,2.05
1714,2.07
1714.5,2.13
1715,2.18
1715.5,2.21
1716,2.19
1716.5,2.18
1717,2.19
1717.5,2.24
1718,2.25
1718.5,2.26
1719,2.25
1719.5,2.24
1720,2.19
1720.5,2.18
1721,2.21
1721.5,2.29
1722,2.26
1722.5,2.18
1723,2.13
1723.5,2.09
1724,2.07
1724.5,2.05
1725,2.02
1725.5,1.91
1726,1.88
1726.5,1.87
1727,1.86
1727.5,1.89
1728,1.94
1728.5,1.94
1729,1.96
1729.5,1.98
1730,1.98
1730.5,1.95
1731,1.88
1731.5,1.80
1732,1.74
1732.5,1.70
1733,1.69
1733.5,1.65
1734,1.64
1734.5,1.65
1735,1.65
1735.5,1.69
1736,1.74
1736.5,1.83
1737,1.89
1737.5,1.96
1738,1.95
1738.5,1.95
1739,1.99
1739.5,2.01
1740,2.00
1740.5,2.00
1741,2.06
1741.5,2.03
1742,1.98
1742.5,1.79
1743,1.69
1743.5,1.58
1744,1.61
1744.5,1.67
1745,1.77
1745.5,1.76
1746,1.74
1746.5,1.68
1747,1.57
1747.5,1.54
1748,1.57
1748.5,1.59
1749,1.64
1749.5,1.65
1750,1.72
1750.5,1.80
1751,1.82
1751.5,1.85
1752,1.93
1752.5,2.00
1753,2.09
1753.5,2.19
1754,2.29
1754.5,2.43
1755,2.47
1755.5,2.54
1756,2.60
1756.5,2.62
1757,2.65
1757.5,2.62
1758,2.62
1758.5,2.58
1759,2.55
1759.5,2.47
1760,2.46
1760.5,2.48
1761,2.44
1761.5,2.45
1762,2.42
1762.5,2.43
1763,2.43
1763.5,2.41
1764,2.40
1764.5,2.41
1765,2.40
1765.5,2.39
1766,2.28
1766.5,2.23
1767,2.21
1767.5,2.14
1768,2.15
1768.5,2.17
1769,2.16
1769.5,2.20
1770,2.24
1770.5,2.27
1771,2.26
1771.5,2.30
1772,2.29
1772.5,2.34
1773,2.41
1773.5,2.39
1774,2.33
1774.5,2.28
1775,2.13
1775.5,2.03
1776,2.02
1776.5,2.04
1777,2.05
1777.5,2.05
1778,2.07
1778.5,2.12
1779,2.18
1779.5,2.18
1780,2.20
1780.5,2.22
1781,2.21
1781.5,2.21
1782,2.17
1782.5,2.15
1783,2.09
1783.5,2.09
1784,2.10
1784.5,2.13
1785,2.18
1785.5,2.22
1786,2.30
1786.5,2.35
1787,2.41
1787.5,2.43
1788,2.44
1788.5,2.35
1789,2.32
1789.5,2.22
1790,2.15
1790.5,2.11
1791,2.16
1791.5,2.23
1792,2.33
1792.5,2.43
1793,2.45
1793.5,2.53
1794,2.49
1794.5,2.42
1795,2.40
1795.5,2.39
1796,2.37
1796.5,2.39
1797,2.39
1797.5,2.52
1798,2.58
1798.5,2.62
1799,2.67
1799.5,2.74
1800,2.75
1800.5,2.80
1801,2.82
1801.5,2.84
1802,2.78
1802.5,2.74
1803,2.67
1803.5,2.59
1804,2.57
1804.5,2.49
1805,2.42
1805.5,2.31
1806,2.13
1806.5,1.98
1807,1.91
1807.5,1.87
