{ "version":"1.1", "file":"140527KN.CSV", "date":"2014-05-27", "time":"18:24:16", "epoch":"1401215056", "climber":"Tarzan", "grade":"7a", "voltage":"2.54", "zero":"-51.82", "temp":"18.26", "location":"Jungle" }
1412,-0.18,-0.04,-0.00,2.54
1672,0.24,-0.05,-0.02,2.53
1934,-0.09,0.02,0.04,2.53
2194,0.16,0.10,0.08,2.52
2454,0.08,0.26,0.12,2.53
2713,-0.18,0.20,0.12,2.44
2973,0.16,0.19,0.13,2.50
3233,-0.01,0.17,0.15,2.37
3493,-0.01,0.19,0.17,2.52
3753,0.08,0.23,0.18,2.38
4013,-0.01,0.24,0.20,2.54
4273,0.24,0.23,0.20,2.50
4534,-0.01,0.26,0.22,2.53
4798,0.08,0.25,0.23,2.47
5058,0.24,0.29,0.24,2.44
5318,0.41,0.25,0.24,2.39
5578,0.16,0.28,0.27,2.46
5838,0.24,0.30,0.27,2.42
6098,-0.01,0.30,0.25,2.50
6358,-0.09,0.19,0.21,2.47
6618,-0.09,0.15,0.20,2.54
6878,0.24,0.12,0.19,2.41
7139,0.16,0.16,0.19,2.41
7398,-0.09,0.19,0.20,2.39
7658,-0.01,0.21,0.20,2.43
7918,0.24,0.28,0.24,2.53
8178,0.16,0.32,0.28,2.51
8438,0.50,0.43,0.34,2.53
8698,0.74,0.50,0.39,2.48
8958,0.66,0.62,0.48,2.49
9218,0.83,0.74,0.56,2.53
9478,0.83,0.89,0.67,2.40
9739,0.83,0.93,0.73,2.38
10002,1.25,1.01,0.80,2.52
10263,1.00,1.02,0.86,2.51
10523,1.08,1.07,0.92,2.48
10784,1.08,1.10,0.95,2.37
11044,1.25,1.10,0.99,2.47
11304,0.83,1.10,1.01,2.41
11565,1.25,1.13,1.05,2.52
11825,1.00,1.17,1.08,2.42
12087,0.91,1.14,1.08,2.53
12347,1.16,1.17,1.10,2.42
12608,1.00,1.13,1.11,2.41
12868,1.00,1.09,1.08,2.45
13128,1.00,1.10,1.10,2.52
13389,1.08,1.13,1.13,2.42
13649,1.08,1.15,1.12,2.54
13910,1.00,1.14,1.12,2.48
14170,0.83,1.08,1.10,2.51
14432,0.91,1.07,1.09,2.51
14692,0.83,1.07,1.09,2.54
14952,1.00,1.04,1.07,2.53
15217,0.91,1.04,1.06,2.52
15487,0.66,0.96,1.02,2.50
15751,0.66,0.98,1.01,2.46
16012,1.00,0.96,1.01,2.40
16272,0.66,0.97,1.00,2.41
16533,0.74,0.94,0.97,2.42
16793,0.83,0.95,0.97,2.36
17054,0.91,0.93,0.97,2.41
17314,1.16,1.04,1.03,2.45
17574,1.16,1.13,1.07,2.37
17835,1.41,1.28,1.15,2.49
18095,1.33,1.38,1.23,2.42
18357,1.41,1.47,1.29,2.48
18617,1.50,1.54,1.35,2.43
18878,1.33,1.53,1.39,2.38
19138,1.58,1.56,1.43,2.46
19398,1.66,1.55,1.46,2.48
19659,1.58,1.60,1.51,2.43
19919,1.50,1.62,1.53,2.41
20180,1.66,1.67,1.56,2.39
20444,1.75,1.67,1.60,2.53
20706,1.75,1.74,1.66,2.44
20966,1.83,1.81,1.70,2.45
21227,1.83,1.87,1.74,2.54
21487,1.75,1.89,1.79,2.53
21748,2.00,1.96,1.85,2.53
22008,1.91,1.99,1.88,2.43
22268,1.83,2.03,1.92,2.53
22529,2.00,2.03,1.94,2.48
22789,1.91,2.05,1.97,2.54
23051,2.17,2.05,1.99,2.50
23311,1.91,2.06,2.00,2.40
23571,2.17,2.02,1.99,2.54
23832,2.25,2.09,2.05,2.51
24092,2.00,2.10,2.07,2.50
24353,2.08,2.16,2.07,2.49
24613,1.83,2.10,2.06,2.51
24873,1.75,2.06,2.06,2.54
25134,2.08,2.07,2.06,2.45
25399,2.00,2.05,2.05,2.52
25659,1.83,2.01,2.03,2.42
25920,2.00,2.01,2.03,2.53
26180,1.91,1.99,2.02,2.53
26441,1.66,1.95,1.98,2.53
26701,1.50,1.86,1.91,2.40
26961,1.33,1.72,1.83,2.54
27222,1.41,1.58,1.75,2.44
27482,1.50,1.56,1.72,2.45
27744,1.16,1.51,1.66,2.46
28004,1.50,1.53,1.63,2.46
28264,1.50,1.45,1.57,2.49
28525,1.25,1.41,1.53,2.47
28785,1.00,1.39,1.49,2.51
29046,1.16,1.39,1.47,2.46
29306,1.16,1.36,1.43,2.54
29566,1.50,1.39,1.45,2.54
29827,1.50,1.43,1.46,2.47
30087,1.58,1.51,1.49,2.53
30349,1.50,1.59,1.53,2.41
30623,1.58,1.68,1.59,2.50
30887,1.83,1.78,1.65,2.44
31147,1.75,1.81,1.69,2.45
31408,1.91,1.83,1.72,2.47
31669,1.66,1.84,1.75,2.48
31930,1.58,1.84,1.76,2.46
32190,1.83,1.87,1.80,2.43
32451,2.00,1.94,1.87,2.38
32711,1.83,1.99,1.89,2.47
32971,1.75,2.00,1.90,2.45
33232,1.75,1.94,1.90,2.42
33492,2.08,1.96,1.94,2.43
33753,1.83,1.99,1.96,2.42
34013,1.83,2.03,1.97,2.39
34274,1.83,2.06,2.00,2.47
34535,2.00,2.04,2.00,2.48
34795,2.17,2.07,2.03,2.44
35056,2.08,2.07,2.05,2.49
35316,1.91,2.10,2.06,2.42
35576,1.91,2.09,2.06,2.46
35841,2.08,2.10,2.07,2.51
36101,1.91,2.09,2.08,2.53
36363,2.00,2.12,2.09,2.54
36623,2.08,2.11,2.09,2.52
36883,2.17,2.14,2.12,2.54
37144,2.08,2.14,2.12,2.46
37404,2.17,2.22,2.16,2.54
37665,2.17,2.25,2.19,2.53
37925,2.25,2.32,2.23,2.54
38186,2.08,2.32,2.24,2.46
38446,2.25,2.33,2.27,2.40
38707,2.42,2.35,2.30,2.54
38968,2.33,2.38,2.32,2.52
39229,2.58,2.46,2.38,2.42
39489,2.50,2.52,2.42,2.48
39749,2.42,2.57,2.46,2.53
40010,2.75,2.64,2.52,2.53
40270,2.75,2.68,2.56,2.51
40531,2.83,2.76,2.63,2.41
40795,2.83,2.80,2.67,2.54
41056,2.58,2.82,2.70,2.45
41317,2.67,2.81,2.72,2.44
41577,2.67,2.81,2.74,2.54
41838,2.67,2.83,2.77,2.49
42098,2.75,2.88,2.81,2.53
42358,2.67,2.91,2.83,2.52
42619,2.83,2.92,2.85,2.52
42879,2.83,2.93,2.88,2.53
43140,3.00,2.95,2.91,2.54
43400,2.83,2.95,2.90,2.41
43662,2.75,2.91,2.89,2.47
43922,2.58,2.87,2.88,2.53
44182,2.83,2.86,2.87,2.50
44443,2.75,2.88,2.88,2.53
44703,2.92,2.88,2.88,2.54
44964,2.83,2.92,2.90,2.45
45224,2.67,2.90,2.89,2.53
45484,2.83,2.90,2.88,2.48
45756,2.67,2.84,2.86,2.52
46023,2.67,2.81,2.85,2.50
46284,2.58,2.79,2.82,2.51
46544,2.83,2.75,2.79,2.54
46804,2.75,2.72,2.78,2.52
47065,2.58,2.71,2.76,2.54
47325,2.67,2.74,2.76,2.44
47586,2.50,2.72,2.74,2.51
47847,2.67,2.73,2.75,2.54
48107,2.67,2.77,2.77,2.51
48368,2.67,2.82,2.79,2.51
48628,2.58,2.80,2.77,2.54
48888,2.83,2.80,2.79,2.49
49149,2.83,2.82,2.81,2.54
49409,2.92,2.88,2.84,2.53
49669,2.92,2.92,2.86,2.54
49931,2.83,2.94,2.88,2.51
50191,3.00,2.99,2.93,2.52
50451,2.67,2.98,2.92,2.50
50712,3.00,3.02,2.96,2.41
50972,3.00,3.03,2.99,2.47
51240,3.08,3.12,3.04,2.53
51501,3.42,3.17,3.08,2.52
51761,2.92,3.20,3.10,2.54
52023,3.17,3.19,3.12,2.50
52283,3.00,3.23,3.15,2.52
52543,3.25,3.22,3.17,2.50
52804,3.25,3.25,3.18,2.42
53064,3.25,3.32,3.26,2.50
53324,3.67,3.42,3.32,2.53
53585,3.67,3.51,3.36,2.53
53845,3.50,3.55,3.43,2.43
54106,3.42,3.63,3.48,2.52
54366,3.59,3.71,3.54,2.50
54628,3.67,3.70,3.58,2.53
54888,3.75,3.70,3.60,2.46
55148,3.59,3.71,3.63,2.54
55409,3.50,3.72,3.65,2.51
55669,3.59,3.74,3.66,2.54
55930,3.59,3.71,3.67,2.53
56190,3.75,3.72,3.69,2.54
56455,3.84,3.76,3.72,2.53
56716,3.67,3.81,3.76,2.53
56976,3.50,3.83,3.76,2.44
57237,3.59,3.81,3.76,2.54
57497,3.75,3.78,3.77,2.54
57758,3.67,3.73,3.75,2.53
58018,3.92,3.76,3.77,2.54
58279,3.84,3.80,3.79,2.46
58539,3.75,3.83,3.79,2.53
58800,3.67,3.91,3.84,2.52
59061,4.00,3.99,3.91,2.53
59322,4.17,4.10,3.97,2.53
59582,4.17,4.12,4.01,2.40
59842,4.09,4.12,4.02,2.44
60103,4.17,4.14,4.06,2.52
60363,4.17,4.16,4.09,2.53
60624,4.17,4.18,4.10,2.51
60896,3.84,4.15,4.09,2.54
61159,4.17,4.14,4.11,2.49
61424,4.09,4.20,4.16,2.54
61684,4.00,4.22,4.16,2.47
61945,4.34,4.24,4.18,2.49
62205,4.17,4.22,4.19,2.50
62466,4.09,4.20,4.18,2.52
62726,4.17,4.22,4.19,2.52
62988,4.26,4.20,4.20,2.54
63248,4.17,4.21,4.20,2.53
63508,4.17,4.23,4.20,2.54
63769,3.92,4.18,4.17,2.46
64029,4.09,4.16,4.17,2.41
64290,4.17,4.13,4.16,2.53
64550,4.09,4.14,4.17,2.52
64811,4.00,4.14,4.15,2.52
65071,4.17,4.18,4.17,2.51
65333,3.92,4.18,4.17,2.54
65593,4.26,4.23,4.20,2.42
65854,4.09,4.23,4.20,2.40
66114,4.09,4.22,4.19,2.51
66374,4.09,4.21,4.20,2.43
66639,4.09,4.23,4.22,2.54
66899,4.00,4.23,4.21,2.53
67159,4.34,4.27,4.24,2.53
67420,4.09,4.31,4.28,2.39
67681,4.34,4.40,4.32,2.54
67942,4.17,4.41,4.33,2.52
68202,4.17,4.37,4.32,2.48
68463,4.26,4.32,4.31,2.54
68723,4.17,4.29,4.31,2.54
68984,4.17,4.27,4.29,2.50
69244,4.17,4.30,4.30,2.53
69505,4.17,4.31,4.31,2.54
69765,4.17,4.32,4.30,2.42
70027,4.17,4.29,4.29,2.54
70287,4.00,4.25,4.28,2.52
70548,3.84,4.23,4.26,2.53
70808,4.17,4.23,4.25,2.40
71069,4.42,4.23,4.26,2.50
71329,4.26,4.31,4.31,2.54
71589,4.34,4.40,4.34,2.45
71854,4.42,4.49,4.38,2.54
72114,4.26,4.47,4.40,2.54
72376,4.00,4.44,4.39,2.53
72636,4.26,4.43,4.40,2.54
72897,4.26,4.39,4.39,2.54
73157,4.34,4.42,4.41,2.54
73418,4.26,4.42,4.41,2.54
73678,4.09,4.41,4.40,2.53
73939,4.17,4.38,4.39,2.54
74199,4.09,4.34,4.37,2.53
74460,4.26,4.28,4.33,2.54
74721,3.92,4.26,4.32,2.52
74981,4.34,4.27,4.33,2.54
75242,4.17,4.32,4.33,2.53
75502,4.17,4.28,4.30,2.54
75763,4.17,4.26,4.28,2.48
76033,4.26,4.23,4.28,2.54
76298,4.00,4.20,4.24,2.44
76559,3.92,4.15,4.20,2.46
76823,3.92,4.12,4.18,2.53
77084,3.92,4.08,4.15,2.50
77344,3.92,4.06,4.12,2.52
77604,4.00,4.00,4.08,2.40
77865,3.92,4.00,4.07,2.54
78125,4.00,3.93,4.01,2.48
78386,3.84,3.89,3.97,2.50
78647,3.84,3.84,3.95,2.51
78908,3.50,3.84,3.91,2.51
79168,3.50,3.82,3.88,2.54
79429,3.84,3.77,3.85,2.51
79689,3.84,3.82,3.88,2.52
79950,3.75,3.80,3.85,2.53
80210,3.75,3.85,3.84,2.54
80470,3.75,3.80,3.84,2.53
80731,3.50,3.80,3.81,2.43
80992,3.84,3.81,3.82,2.54
81253,3.59,3.81,3.82,2.48
81513,3.42,3.80,3.81,2.53
81774,3.75,3.79,3.80,2.47
82038,3.67,3.75,3.79,2.52
82298,3.50,3.73,3.78,2.54
82559,3.75,3.81,3.81,2.39
82819,3.75,3.80,3.79,2.46
83080,3.59,3.80,3.79,2.43
83341,3.92,3.79,3.80,2.54
83602,3.59,3.79,3.79,2.53
83862,3.67,3.79,3.79,2.42
84123,3.50,3.74,3.76,2.41
84383,3.67,3.73,3.76,2.46
84643,3.59,3.71,3.75,2.54
84904,3.50,3.73,3.74,2.54
85164,3.67,3.69,3.71,2.43
85425,3.50,3.69,3.72,2.54
85686,3.59,3.65,3.70,2.53
85947,3.50,3.71,3.71,2.47
86207,3.59,3.70,3.71,2.54
86468,3.59,3.68,3.68,2.53
86728,3.59,3.64,3.68,2.49
86989,3.59,3.65,3.69,2.53
87253,3.50,3.72,3.71,2.53
87513,3.92,3.76,3.72,2.49
87774,3.75,3.77,3.73,2.54
88035,3.59,3.77,3.75,2.53
88296,3.75,3.78,3.74,2.49
88556,3.59,3.75,3.74,2.54
88817,3.67,3.72,3.73,2.54
89077,3.67,3.74,3.74,2.54
89338,3.59,3.74,3.74,2.53
89598,3.50,3.74,3.73,2.54
89859,3.75,3.72,3.72,2.51
90119,3.42,3.74,3.74,2.52
90381,3.84,3.73,3.74,2.54
90641,3.34,3.75,3.73,2.51
90901,3.75,3.78,3.78,2.53
91169,3.84,3.92,3.87,2.54
91433,3.84,4.02,3.92,2.47
91694,3.67,4.10,3.93,2.48
91954,3.59,3.99,3.92,2.50
92226,3.67,4.06,4.00,2.47
92486,3.67,4.04,3.99,2.54
92746,3.92,4.02,3.98,2.50
93007,3.50,3.91,3.94,2.53
93267,3.67,3.84,3.91,2.45
93528,3.67,3.78,3.85,2.51
93788,3.59,3.74,3.84,2.54
94050,3.75,3.73,3.82,2.54
94310,3.67,3.77,3.81,2.46
94571,3.84,3.76,3.79,2.53
94831,3.59,3.76,3.78,2.54
95092,3.59,3.77,3.79,2.53
95352,3.67,3.80,3.79,2.54
95613,3.59,3.81,3.80,2.47
95873,3.75,3.82,3.81,2.51
96133,3.67,3.76,3.77,2.45
96395,3.59,3.76,3.78,2.54
96655,3.67,3.79,3.81,2.47
96916,3.59,3.84,3.80,2.47
97176,3.67,3.81,3.80,2.40
97439,3.84,3.93,3.89,2.42
97700,3.67,3.99,3.93,2.53
97960,3.67,4.04,3.93,2.52
98221,3.75,3.95,3.90,2.53
98481,3.67,3.87,3.90,2.42
98743,3.92,3.84,3.89,2.46
99003,3.50,3.87,3.89,2.45
99263,3.84,3.89,3.90,2.48
99524,3.92,3.92,3.90,2.46
99784,4.00,3.91,3.91,2.48
100045,3.75,3.89,3.89,2.54
100306,4.00,3.92,3.91,2.47
100567,3.59,3.87,3.88,2.45
100828,3.59,3.88,3.88,2.49
101090,3.84,3.87,3.88,2.51
101351,3.59,3.85,3.86,2.52
101612,3.75,3.83,3.86,2.48
101872,3.67,3.82,3.85,2.53
102133,3.50,3.80,3.83,2.52
102397,3.59,3.91,3.91,2.53
102658,4.00,3.99,3.96,2.54
102919,3.67,4.01,3.94,2.43
103181,3.59,3.95,3.92,2.50
103441,3.84,3.90,3.92,2.54
103702,3.92,3.88,3.91,2.45
103963,3.84,3.87,3.90,2.42
104224,4.00,3.94,3.94,2.52
104485,4.09,4.02,3.98,2.53
104746,4.26,4.16,4.05,2.50
105007,4.17,4.28,4.14,2.53
105269,4.26,4.37,4.19,2.54
105529,4.26,4.42,4.25,2.40
105790,4.51,4.44,4.31,2.53
106051,4.51,4.46,4.34,2.54
106306,4.51,4.60,4.45,2.51
106570,4.59,4.69,4.52,2.44
106831,4.51,4.73,4.55,2.42
107092,4.42,4.67,4.55,2.42
107357,4.26,4.64,4.57,2.44
107618,4.51,4.62,4.58,2.54
107879,4.17,4.62,4.59,2.46
108140,4.59,4.61,4.60,2.48
108401,4.42,4.62,4.60,2.54
108662,4.34,4.60,4.61,2.53
108923,4.51,4.63,4.61,2.53
109183,4.51,4.61,4.60,2.53
109444,4.42,4.56,4.58,2.54
109706,4.59,4.56,4.59,2.54
109967,4.51,4.59,4.60,2.50
110228,4.76,4.64,4.62,2.54
110489,4.59,4.69,4.65,2.44
110750,4.59,4.71,4.66,2.44
111010,4.51,4.74,4.68,2.50
111271,4.76,4.80,4.74,2.53
111532,4.76,4.86,4.78,2.53
111793,4.84,4.92,4.82,2.49
112055,5.09,4.96,4.87,2.44
112319,5.17,5.05,4.94,2.45
112580,5.34,5.13,4.99,2.54
112841,4.84,5.19,5.03,2.46
113102,5.09,5.18,5.06,2.53
113363,5.09,5.18,5.08,2.42
113623,5.01,5.16,5.11,2.53
113884,5.09,5.20,5.14,2.46
114146,5.01,5.23,5.16,2.45
114407,5.51,5.25,5.18,2.44
114668,5.09,5.30,5.24,2.46
114929,5.34,5.33,5.26,2.53
115190,5.17,5.39,5.29,2.52
115451,5.34,5.41,5.34,2.53
115712,5.51,5.51,5.40,2.46
115973,5.34,5.51,5.41,2.54
116235,5.59,5.54,5.45,2.54
116496,5.43,5.48,5.44,2.53
116757,5.17,5.46,5.43,2.48
117017,5.26,5.42,5.42,2.51
117282,5.01,5.38,5.39,2.42
117543,5.26,5.34,5.38,2.54
117804,5.26,5.31,5.36,2.40
118065,5.01,5.27,5.33,2.49
118327,5.01,5.24,5.30,2.42
118588,5.26,5.24,5.29,2.54
118849,5.09,5.19,5.26,2.54
119110,5.17,5.20,5.25,2.53
119371,5.17,5.20,5.24,2.47
119632,4.92,5.20,5.22,2.53
119893,5.01,5.19,5.21,2.53
120153,4.76,5.15,5.18,2.54
120414,4.92,5.13,5.17,2.53
120676,5.09,5.11,5.16,2.53
120937,4.84,5.09,5.14,2.54
121198,4.84,5.04,5.09,2.54
121469,4.92,5.05,5.10,2.53
121734,4.92,5.02,5.08,2.45
121996,5.01,5.08,5.09,2.49
122261,4.92,5.07,5.09,2.53
122522,4.84,5.12,5.10,2.53
122783,5.09,5.16,5.13,2.53
123044,5.17,5.24,5.19,2.44
123304,5.34,5.33,5.24,2.54
123565,5.34,5.41,5.29,2.53
123826,5.26,5.40,5.30,2.53
124088,5.43,5.42,5.33,2.48
124349,5.26,5.40,5.35,2.53
124610,5.43,5.44,5.38,2.53
124871,5.26,5.46,5.41,2.52
125132,5.43,5.52,5.45,2.52
125393,5.43,5.56,5.48,2.54
125654,5.51,5.58,5.51,2.54
125915,5.09,5.53,5.48,2.53
126177,5.43,5.50,5.48,2.44
126438,5.34,5.47,5.49,2.54
126699,5.43,5.51,5.51,2.50
126960,5.51,5.53,5.50,2.50
127224,5.34,5.54,5.51,2.53
127485,5.34,5.50,5.50,2.53
127746,5.59,5.55,5.53,2.54
128007,5.34,5.54,5.53,2.40
128269,5.59,5.56,5.53,2.43
128530,5.51,5.54,5.53,2.43
128791,5.43,5.50,5.51,2.49
129052,5.51,5.53,5.53,2.45
129313,5.09,5.48,5.49,2.54
129574,5.51,5.47,5.48,2.47
129834,5.34,5.45,5.48,2.53
130095,5.26,5.42,5.45,2.51
130357,5.34,5.44,5.45,2.51
130618,5.34,5.42,5.45,2.46
130879,5.17,5.42,5.43,2.53
131140,5.43,5.44,5.44,2.52
131401,5.51,5.47,5.48,2.54
131662,5.17,5.48,5.46,2.53
131923,5.59,5.51,5.48,2.53
132175,5.34,5.49,5.48,2.47
132436,5.43,5.43,5.44,2.53
132697,5.17,5.38,5.40,2.47
132958,5.43,5.27,5.37,2.54
133219,5.43,5.25,5.34,2.50
133480,5.34,5.25,5.33,2.52
133741,5.43,5.26,5.31,2.42
134002,5.34,5.30,5.32,2.51
134263,5.17,5.33,5.33,2.45
134524,5.34,5.30,5.30,2.43
134785,5.34,5.25,5.28,2.44
135046,5.34,5.24,5.30,2.54
135308,5.26,5.27,5.29,2.53
135569,5.51,5.32,5.30,2.43
135830,5.34,5.32,5.30,2.54
136091,5.43,5.33,5.32,2.54
136352,5.43,5.36,5.34,2.54
136623,5.68,5.41,5.37,2.47
136888,5.68,5.47,5.41,2.49
137153,5.68,5.57,5.48,2.52
137414,5.51,5.60,5.49,2.53
137675,5.68,5.65,5.54,2.50
137936,5.68,5.66,5.57,2.52
138197,5.59,5.66,5.59,2.53
138458,5.68,5.68,5.62,2.43
138720,5.76,5.67,5.63,2.54
138981,5.76,5.70,5.65,2.47
139242,5.76,5.67,5.65,2.49
139503,5.76,5.68,5.65,2.52
139764,5.43,5.63,5.63,2.49
140025,5.34,5.52,5.56,2.51
140286,5.34,5.39,5.50,2.54
140546,5.43,5.28,5.44,2.54
140807,5.34,5.24,5.38,2.52
141069,5.51,5.23,5.35,2.54
141330,5.34,5.24,5.33,2.46
141591,5.43,5.25,5.31,2.54
141852,5.34,5.23,5.29,2.44
142117,5.17,5.20,5.25,2.45
142378,5.17,5.18,5.24,2.54
142639,5.09,5.14,5.21,2.49
142901,5.09,5.09,5.16,2.44
143162,5.01,5.04,5.12,2.47
143423,5.09,5.01,5.11,2.52
143684,5.09,5.01,5.09,2.41
143944,5.26,5.02,5.07,2.45
144205,4.92,5.05,5.08,2.41
144466,5.17,5.05,5.07,2.44
144727,4.92,5.09,5.08,2.54
144988,5.09,5.07,5.08,2.49
145250,5.26,5.09,5.08,2.49
145511,5.09,5.06,5.07,2.53
145772,5.17,5.07,5.08,2.54
146033,5.01,5.07,5.08,2.51
146294,5.09,5.09,5.08,2.53
146555,5.01,5.09,5.08,2.54
146816,5.17,5.08,5.08,2.54
147080,5.26,5.08,5.09,2.54
147342,5.34,5.12,5.12,2.43
147603,5.34,5.21,5.17,2.43
147864,5.17,5.24,5.17,2.42
148125,5.26,5.25,5.19,2.54
148386,5.51,5.23,5.20,2.43
148647,5.51,5.23,5.22,2.53
148908,5.17,5.26,5.23,2.50
149169,5.43,5.30,5.26,2.54
149431,5.34,5.30,5.26,2.51
149692,5.34,5.32,5.28,2.48
149953,5.17,5.28,5.26,2.40
150214,5.34,5.27,5.26,2.52
150475,5.34,5.25,5.27,2.43
150736,5.34,5.27,5.27,2.52
150997,5.43,5.32,5.30,2.54
151258,5.51,5.33,5.31,2.54
151520,5.17,5.36,5.32,2.54
151791,5.17,5.33,5.32,2.53
152059,5.26,5.33,5.33,2.48
152320,5.17,5.30,5.32,2.47
152581,5.43,5.32,5.33,2.42
152843,5.34,5.29,5.31,2.49
153104,5.26,5.28,5.30,2.54
153365,5.34,5.28,5.30,2.47
153626,5.09,5.29,5.30,2.51
153887,5.51,5.29,5.30,2.47
154148,5.59,5.31,5.31,2.44
154409,5.34,5.33,5.33,2.53
154670,5.43,5.35,5.32,2.54
154931,5.59,5.37,5.34,2.45
155193,5.34,5.38,5.36,2.54
155454,5.43,5.36,5.34,2.54
155715,5.26,5.36,5.35,2.54
155976,5.17,5.31,5.34,2.49
156237,5.43,5.30,5.31,2.52
156498,5.51,5.28,5.31,2.45
156759,5.43,5.26,5.31,2.51
157024,5.59,5.31,5.31,2.51
157285,5.51,5.31,5.31,2.51
157546,5.26,5.29,5.29,2.45
157807,5.51,5.25,5.27,2.43
158068,5.34,5.23,5.27,2.42
158329,5.34,5.22,5.26,2.53
158590,5.34,5.24,5.26,2.53
158851,5.51,5.23,5.25,2.51
159112,5.09,5.17,5.20,2.51
159374,5.26,5.15,5.19,2.46
159635,5.09,5.12,5.18,2.48
159896,5.26,5.10,5.15,2.54
160157,5.17,5.09,5.13,2.53
160418,5.09,5.04,5.10,2.52
160679,5.01,5.04,5.09,2.48
160940,5.17,5.04,5.09,2.51
161201,5.34,5.12,5.13,2.54
161463,5.43,5.15,5.13,2.54
161724,5.43,5.19,5.15,2.53
161988,5.26,5.22,5.18,2.53
162249,5.43,5.31,5.24,2.54
162510,5.51,5.33,5.24,2.54
162771,5.34,5.36,5.27,2.54
163032,5.26,5.34,5.29,2.54
163293,5.34,5.33,5.28,2.44
163555,5.59,5.33,5.31,2.52
163816,5.34,5.33,5.32,2.53
164077,5.43,5.36,5.32,2.42
164338,5.43,5.38,5.35,2.53
164598,5.43,5.38,5.36,2.52
164859,5.51,5.37,5.35,2.54
165120,5.43,5.37,5.36,2.54
165381,5.51,5.35,5.36,2.44
165643,5.34,5.37,5.35,2.51
165904,5.51,5.33,5.34,2.50
166165,5.59,5.32,5.34,2.51
166425,5.17,5.31,5.34,2.42
166686,5.43,5.29,5.31,2.52
166938,5.34,5.26,5.28,2.41
167202,5.34,5.32,5.35,2.42
167463,5.34,5.44,5.40,2.43
167724,5.34,5.55,5.42,2.49
167985,5.59,5.54,5.45,2.46
168246,5.43,5.52,5.47,2.43
168507,5.43,5.54,5.49,2.42
168768,5.51,5.57,5.51,2.42
169029,5.59,5.56,5.52,2.48
169290,5.68,5.62,5.56,2.41
169551,5.51,5.69,5.62,2.42
169812,5.51,5.71,5.61,2.49
170072,5.76,5.73,5.64,2.48
170333,5.59,5.69,5.66,2.50
170595,5.59,5.70,5.66,2.47
170856,5.59,5.68,5.65,2.46
171117,5.59,5.67,5.67,2.44
171377,5.85,5.72,5.69,2.40
171638,5.59,5.74,5.70,2.41
171903,5.43,5.71,5.69,2.53
172164,5.43,5.69,5.68,2.42
172426,5.68,5.65,5.67,2.54
172687,5.68,5.66,5.68,2.52
172948,5.76,5.73,5.72,2.52
173208,5.93,5.82,5.76,2.50
173469,5.93,5.87,5.79,2.51
173730,6.01,5.87,5.80,2.46
173991,5.76,5.90,5.83,2.53
174252,6.01,5.92,5.86,2.54
174513,5.93,5.99,5.90,2.54
174775,6.01,6.01,5.94,2.52
175036,6.01,6.07,5.97,2.51
175297,5.85,6.05,5.98,2.50
175557,6.01,6.08,6.01,2.54
175818,5.76,6.05,6.01,2.53
176079,6.01,6.07,6.03,2.54
176340,5.85,6.05,6.03,2.52
176601,5.93,6.06,6.04,2.49
176867,6.09,6.06,6.05,2.52
177128,6.09,6.06,6.05,2.54
177389,6.26,6.12,6.09,2.49
177650,6.26,6.17,6.12,2.54
177910,5.68,6.17,6.11,2.54
178171,6.35,6.19,6.14,2.52
178432,6.18,6.21,6.17,2.54
178693,6.26,6.21,6.17,2.54
178955,6.43,6.22,6.17,2.54
179216,6.01,6.16,6.16,2.46
179477,6.18,6.19,6.18,2.42
179738,6.26,6.26,6.22,2.45
179999,6.43,6.34,6.27,2.54
180260,6.51,6.39,6.29,2.53
180521,6.43,6.41,6.32,2.53
180782,6.35,6.45,6.37,2.49
181043,6.26,6.49,6.40,2.42
181305,6.35,6.53,6.43,2.53
181566,6.51,6.52,6.45,2.54
181830,6.35,6.51,6.45,2.53
182102,6.43,6.50,6.47,2.54
182366,6.35,6.52,6.48,2.44
182628,6.35,6.53,6.49,2.45
182889,6.26,6.52,6.49,2.47
183150,6.43,6.50,6.49,2.43
183411,6.51,6.51,6.51,2.47
183672,6.51,6.52,6.52,2.45
183933,6.35,6.54,6.51,2.45
184194,6.43,6.52,6.51,2.40
184455,6.43,6.54,6.53,2.48
184717,6.18,6.53,6.52,2.48
184978,6.35,6.52,6.51,2.46
185239,6.35,6.48,6.50,2.41
185500,6.26,6.44,6.48,2.43
185761,6.43,6.44,6.47,2.48
186022,6.43,6.45,6.48,2.40
186282,6.18,6.43,6.46,2.50
186543,6.26,6.47,6.47,2.47
186809,6.43,6.47,6.47,2.54
187070,6.51,6.49,6.48,2.53
187331,6.09,6.48,6.47,2.41
187592,6.35,6.48,6.47,2.54
187853,6.18,6.50,6.49,2.54
188114,6.18,6.49,6.49,2.54
188375,6.51,6.53,6.50,2.53
188636,6.43,6.50,6.50,2.52
188898,6.18,6.50,6.50,2.47
189159,6.35,6.50,6.49,2.49
189420,6.60,6.53,6.52,2.43
189681,6.60,6.56,6.55,2.45
189942,6.85,6.66,6.60,2.54
190203,6.51,6.69,6.61,2.41
190464,6.51,6.70,6.62,2.45
190724,6.60,6.72,6.66,2.49
190986,6.76,6.75,6.70,2.54
191247,6.76,6.79,6.72,2.53
191508,6.60,6.80,6.73,2.54
191773,6.35,6.79,6.74,2.54
192034,6.93,6.80,6.76,2.53
192295,6.93,6.83,6.79,2.52
192556,6.85,6.84,6.81,2.47
192817,6.76,6.89,6.82,2.47
193079,6.76,6.88,6.83,2.54
193339,6.76,6.89,6.85,2.52
193600,6.76,6.88,6.86,2.48
193861,6.68,6.90,6.86,2.54
194122,7.10,6.91,6.88,2.53
194383,6.68,6.90,6.88,2.54
194644,6.93,6.93,6.91,2.54
194905,7.02,6.97,6.92,2.54
195166,6.93,6.98,6.94,2.47
195428,7.10,7.02,6.97,2.52
195689,7.18,7.05,6.99,2.54
195950,7.02,7.08,7.02,2.53
196211,6.93,7.10,7.04,2.51
196472,7.02,7.13,7.05,2.53
196736,7.02,7.12,7.07,2.49
196997,6.93,7.08,7.05,2.54
197269,7.18,7.14,7.11,2.43
197534,7.10,7.12,7.10,2.50
197795,7.02,7.15,7.10,2.48
198056,7.18,7.15,7.13,2.44
198317,7.18,7.16,7.13,2.44
198578,6.93,7.14,7.12,2.48
198840,7.27,7.10,7.10,2.45
199101,6.93,7.04,7.08,2.50
199362,6.85,7.05,7.08,2.39
199622,6.68,7.02,7.04,2.48
199883,6.68,7.00,7.03,2.44
200144,6.60,6.87,6.95,2.42
200405,6.51,6.77,6.89,2.45
200666,6.51,6.65,6.82,2.42
200928,6.51,6.64,6.79,2.42
201189,6.68,6.66,6.78,2.49
201450,6.68,6.66,6.73,2.43
201715,6.35,6.64,6.70,2.44
201976,6.35,6.61,6.68,2.49
202237,6.35,6.63,6.68,2.53
202498,6.51,6.63,6.67,2.54
202759,6.35,6.60,6.64,2.54
203021,6.35,6.57,6.62,2.54
203282,6.51,6.55,6.60,2.48
203543,6.60,6.56,6.61,2.52
203803,6.60,6.57,6.60,2.46
204064,6.26,6.57,6.58,2.45
204325,6.68,6.58,6.60,2.47
204586,6.51,6.61,6.61,2.40
204847,6.85,6.65,6.63,2.42
205109,6.43,6.64,6.61,2.53
205370,6.68,6.62,6.62,2.53
205631,6.68,6.63,6.62,2.47
205892,6.85,6.71,6.68,2.44
206153,6.93,6.79,6.71,2.53
206414,6.93,6.89,6.78,2.54
206678,6.76,6.95,6.83,2.47
206939,7.18,7.05,6.90,2.50
207201,6.93,7.04,6.91,2.53
207462,7.18,7.03,6.94,2.44
207723,7.18,7.07,7.00,2.44
207984,6.85,7.08,7.01,2.41
208245,6.93,7.14,7.03,2.46
208506,7.10,7.13,7.06,2.53
208767,7.10,7.15,7.09,2.44
209028,7.35,7.18,7.12,2.47
209290,7.10,7.24,7.17,2.47
209551,7.18,7.26,7.18,2.54
209812,7.35,7.27,7.19,2.45
210073,7.43,7.32,7.27,2.53
210333,7.52,7.48,7.36,2.45
210594,7.35,7.65,7.45,2.48
210855,7.77,7.76,7.54,2.54
211116,7.93,7.83,7.62,2.41
211377,8.02,7.90,7.71,2.54
211643,7.93,8.01,7.80,2.54
211904,8.19,8.07,7.86,2.44
212165,7.85,8.08,7.90,2.42
212436,7.60,8.01,7.90,2.54
212701,7.77,7.98,7.90,2.44
212963,7.85,7.93,7.92,2.46
213224,7.77,7.92,7.92,2.50
213485,7.68,7.93,7.92,2.42
213746,7.52,7.87,7.88,2.47
214007,7.93,7.81,7.85,2.41
214268,7.85,7.80,7.86,2.47
214529,7.68,7.80,7.84,2.45
214790,7.35,7.78,7.79,2.45
215052,7.43,7.69,7.76,2.42
215313,7.43,7.63,7.72,2.50
215574,7.52,7.64,7.72,2.45
215835,7.52,7.63,7.69,2.48
216096,7.52,7.62,7.66,2.40
216357,7.35,7.57,7.64,2.40
216622,7.52,7.57,7.63,2.54
216883,7.60,7.54,7.59,2.53
217144,6.93,7.46,7.53,2.54
217405,7.27,7.38,7.48,2.48
217666,7.18,7.34,7.44,2.51
217927,7.43,7.29,7.41,2.51
218188,7.02,7.25,7.35,2.44
218449,6.85,7.13,7.26,2.54
218710,6.76,7.03,7.18,2.44
218971,6.60,6.91,7.10,2.52
219233,6.60,6.84,7.02,2.54
219494,6.26,6.74,6.93,2.50
219755,6.18,6.65,6.85,2.43
220016,6.35,6.56,6.76,2.47
220277,5.93,6.42,6.64,2.53
220538,6.09,6.27,6.53,2.44
220798,5.59,6.11,6.39,2.54
221059,5.59,5.98,6.27,2.53
221320,5.51,5.85,6.15,2.54
221586,5.68,5.72,6.03,2.54
221847,5.51,5.63,5.92,2.53
222108,5.17,5.47,5.77,2.51
222369,4.92,5.30,5.60,2.48
222629,4.76,5.11,5.46,2.54
222890,5.09,4.98,5.34,2.52
223151,4.67,4.87,5.20,2.42
223413,4.59,4.74,5.06,2.50
223674,4.26,4.61,4.92,2.48
223935,3.92,4.43,4.77,2.50
224196,4.00,4.31,4.63,2.47
224457,4.00,4.18,4.52,2.53
224717,3.92,4.11,4.42,2.50
224978,3.59,4.03,4.30,2.53
225239,3.34,3.89,4.16,2.48
225500,3.34,3.69,4.00,2.53
225762,3.08,3.45,3.82,2.46
226023,3.17,3.25,3.66,2.51
226287,2.75,3.11,3.51,2.53
226548,2.92,3.00,3.38,2.54
226809,2.92,2.95,3.27,2.53
227070,2.42,2.85,3.15,2.50
227330,2.50,2.74,3.01,2.41
227602,2.00,2.56,2.85,2.54
227867,1.83,2.32,2.69,2.41
228128,1.91,2.17,2.54,2.50
228389,1.83,2.00,2.39,2.44
228649,1.75,1.87,2.24,2.41
228910,1.83,1.76,2.11,2.50
229171,1.08,1.57,1.92,2.44
229433,1.00,1.40,1.76,2.44
229694,0.91,1.22,1.60,2.42
229954,0.58,1.04,1.43,2.48
230215,0.41,0.85,1.25,2.44
230476,0.08,0.67,1.08,2.40
230737,0.08,0.48,0.90,2.47
230997,-0.01,0.33,0.74,2.44
231262,-0.34,0.16,0.57,2.52
231524,-0.18,0.00,0.41,2.53
231785,-0.42,-0.10,0.28,2.52
232046,-0.09,-0.12,0.21,2.54
232307,-0.09,-0.06,0.17,2.43
232567,-0.18,0.00,0.15,2.49
232828,0.08,0.03,0.12,2.51
233089,0.16,0.05,0.11,2.41
233350,-0.01,0.04,0.10,2.51
233612,-0.01,0.05,0.07,2.51
233872,-0.01,0.05,0.07,2.54
234133,0.08,0.03,0.07,2.54
234394,-0.01,0.05,0.06,2.51
234655,-0.01,0.05,0.06,2.53
234916,-0.01,0.09,0.08,2.54
235177,-0.26,0.08,0.07,2.42
235438,0.08,0.11,0.08,2.41
235698,-0.09,0.09,0.09,2.51
235960,-0.01,0.11,0.09,2.40
236225,-0.01,0.09,0.08,2.52
