{ "version":"1.1", "file":"140527KS.CSV", "date":"2014-05-27", "time":"19:03:07", "epoch":"1401217387", "climber":"Tarzan", "grade":"5a", "voltage":"2.52", "zero":"-49.31", "temp":"18.26", "location":"Jungle" }
1681,-0.09,-0.05,-0.00,2.49
1941,0.58,0.49,0.34,2.41
2201,0.25,0.61,0.35,2.52
2461,0.50,0.69,0.32,2.52
2721,0.50,0.27,0.28,2.48
2981,0.25,0.19,0.27,2.50
3241,0.08,0.22,0.27,2.52
3501,0.50,0.23,0.25,2.53
3761,0.50,0.23,0.25,2.49
4021,0.33,0.23,0.26,2.52
4280,0.25,0.26,0.25,2.49
4540,0.41,0.27,0.26,2.51
4800,0.33,0.27,0.27,2.40
5065,0.50,0.26,0.26,2.53
5325,0.25,0.26,0.26,2.45
5585,0.25,0.26,0.27,2.43
5844,0.33,0.25,0.25,2.52
6104,0.25,0.27,0.27,2.42
6364,0.25,0.23,0.24,2.53
6624,0.33,0.24,0.24,2.51
6884,0.25,0.19,0.23,2.49
7144,0.25,0.21,0.23,2.53
7404,0.33,0.24,0.25,2.53
7663,0.16,0.27,0.26,2.52
7924,0.25,0.28,0.25,2.51
8184,0.50,0.24,0.24,2.49
8444,0.58,0.24,0.26,2.47
8704,0.33,0.27,0.27,2.43
8964,0.91,0.37,0.32,2.49
9224,0.66,0.41,0.34,2.47
9483,0.58,0.42,0.36,2.52
9743,0.66,0.48,0.41,2.50
10003,0.58,0.50,0.43,2.52
10263,0.75,0.55,0.46,2.52
10529,0.66,0.58,0.51,2.53
10789,0.83,0.58,0.51,2.51
11049,0.66,0.61,0.55,2.53
11310,0.83,0.58,0.55,2.51
11570,0.58,0.58,0.54,2.51
11830,0.41,0.53,0.53,2.50
12091,0.58,0.48,0.51,2.50
12351,0.83,0.48,0.51,2.37
12611,0.83,0.52,0.55,2.52
12873,0.83,0.61,0.58,2.51
13133,0.83,0.67,0.60,2.37
13393,1.00,0.71,0.63,2.53
13653,0.75,0.72,0.65,2.52
13914,0.91,0.75,0.69,2.52
14174,0.83,0.73,0.68,2.52
14434,0.83,0.75,0.70,2.45
14695,0.66,0.71,0.69,2.46
14955,1.00,0.68,0.68,2.47
15215,0.83,0.68,0.69,2.50
15466,0.83,0.67,0.68,2.50
15730,0.66,0.72,0.70,2.38
15991,0.83,0.74,0.73,2.45
16252,0.66,0.78,0.72,2.47
16512,0.66,0.76,0.72,2.44
16772,0.75,0.75,0.73,2.38
17033,0.83,0.76,0.74,2.39
17293,0.83,0.83,0.79,2.44
17553,1.00,0.94,0.86,2.43
17814,1.08,1.05,0.92,2.40
18074,1.08,1.16,1.00,2.41
18335,1.16,1.28,1.10,2.47
18596,1.42,1.37,1.17,2.37
18856,1.33,1.42,1.22,2.39
19116,1.33,1.44,1.29,2.41
19377,1.33,1.48,1.33,2.40
19637,1.42,1.46,1.34,2.37
19898,1.42,1.44,1.37,2.47
20158,1.42,1.42,1.38,2.43
20418,1.16,1.43,1.38,2.36
20684,1.42,1.41,1.39,2.40
20944,1.67,1.44,1.42,2.52
21204,1.25,1.47,1.44,2.43
21465,1.58,1.57,1.49,2.52
21725,1.67,1.61,1.52,2.53
21986,1.50,1.59,1.52,2.42
22246,1.33,1.59,1.54,2.44
22506,1.42,1.55,1.52,2.52
22767,1.25,1.50,1.50,2.41
23028,1.25,1.43,1.48,2.45
23288,1.16,1.42,1.47,2.41
23549,1.33,1.43,1.47,2.47
23809,1.67,1.48,1.49,2.50
24069,1.42,1.53,1.51,2.51
24330,1.33,1.58,1.53,2.46
24590,1.42,1.60,1.54,2.45
24851,1.33,1.57,1.54,2.45
25111,1.33,1.52,1.53,2.43
25371,1.25,1.51,1.52,2.52
25633,1.08,1.46,1.49,2.52
25897,1.16,1.43,1.47,2.51
26157,1.67,1.40,1.46,2.52
26418,1.33,1.39,1.44,2.47
26678,1.33,1.41,1.45,2.52
26938,1.42,1.43,1.44,2.52
27199,1.16,1.39,1.41,2.49
27459,1.42,1.33,1.38,2.52
27719,1.58,1.34,1.39,2.53
27981,1.42,1.40,1.43,2.53
28241,1.67,1.54,1.48,2.48
28502,1.67,1.65,1.53,2.52
28762,1.58,1.67,1.56,2.53
29022,1.58,1.71,1.60,2.43
29283,1.75,1.74,1.64,2.39
29543,1.75,1.74,1.65,2.53
29803,1.42,1.72,1.66,2.51
30064,1.50,1.70,1.66,2.52
30325,1.50,1.72,1.69,2.44
30596,1.75,1.73,1.71,2.52
30859,1.83,1.77,1.73,2.38
31124,1.67,1.78,1.74,2.53
31384,1.58,1.77,1.74,2.53
31645,1.75,1.79,1.75,2.44
31906,1.75,1.78,1.76,2.50
32166,1.58,1.80,1.78,2.53
32427,1.83,1.80,1.78,2.52
32687,1.75,1.82,1.80,2.52
32948,1.92,1.83,1.82,2.48
33208,1.67,1.84,1.81,2.50
33468,1.75,1.82,1.80,2.52
33729,1.83,1.79,1.79,2.50
33989,1.92,1.82,1.82,2.45
34250,1.92,1.88,1.85,2.41
34511,2.08,2.01,1.92,2.51
34771,2.00,2.09,1.97,2.53
35032,2.08,2.17,2.03,2.53
35292,2.33,2.23,2.09,2.45
35552,2.00,2.21,2.10,2.42
35813,2.17,2.24,2.14,2.52
36077,1.92,2.25,2.17,2.51
36337,2.00,2.30,2.21,2.42
36598,2.08,2.28,2.21,2.49
36859,2.00,2.25,2.21,2.51
37119,2.17,2.23,2.23,2.53
37379,2.25,2.22,2.21,2.48
37640,2.08,2.21,2.21,2.37
37900,2.08,2.20,2.21,2.45
38161,2.17,2.26,2.24,2.50
38421,2.42,2.31,2.28,2.53
38681,2.33,2.38,2.31,2.44
38943,2.25,2.45,2.36,2.53
39203,2.50,2.49,2.39,2.53
39463,2.50,2.51,2.41,2.53
39724,2.67,2.54,2.47,2.45
39984,2.84,2.65,2.54,2.49
40245,2.33,2.74,2.59,2.53
40505,2.67,2.76,2.62,2.42
40765,2.59,2.79,2.67,2.52
41026,2.92,2.77,2.70,2.43
41291,2.67,2.78,2.70,2.52
41551,2.75,2.78,2.73,2.40
41812,2.84,2.85,2.78,2.39
42072,3.00,2.89,2.80,2.47
42332,2.92,2.89,2.81,2.53
42593,2.75,2.83,2.80,2.53
42853,2.67,2.81,2.79,2.53
43113,2.59,2.76,2.77,2.38
43374,2.59,2.72,2.74,2.47
43634,2.67,2.68,2.73,2.40
43896,2.59,2.69,2.73,2.39
44156,2.59,2.71,2.73,2.37
44416,2.59,2.75,2.74,2.42
44677,2.33,2.74,2.74,2.51
44937,2.75,2.76,2.74,2.53
45198,2.75,2.74,2.73,2.52
45458,2.59,2.72,2.74,2.53
45729,2.75,2.76,2.76,2.49
45993,2.75,2.82,2.79,2.47
46254,2.84,2.85,2.80,2.40
46518,2.75,2.85,2.80,2.37
46778,2.33,2.79,2.78,2.50
47039,2.67,2.75,2.76,2.53
47299,2.50,2.69,2.73,2.53
47559,2.33,2.63,2.70,2.53
47821,2.42,2.61,2.67,2.51
48081,2.67,2.59,2.66,2.46
48342,2.33,2.56,2.63,2.52
48602,2.42,2.53,2.59,2.50
48862,2.25,2.46,2.53,2.40
49123,2.17,2.38,2.49,2.52
49383,2.08,2.33,2.45,2.52
49643,2.50,2.34,2.43,2.53
49904,2.59,2.44,2.49,2.52
50165,2.59,2.56,2.53,2.51
50426,2.92,2.71,2.59,2.53
50686,2.75,2.73,2.62,2.53
50946,2.50,2.74,2.65,2.43
51207,2.67,2.74,2.65,2.50
51471,2.67,2.79,2.72,2.53
51731,2.84,2.84,2.77,2.39
51992,2.92,2.98,2.84,2.50
52252,2.92,3.01,2.88,2.52
52513,2.92,3.05,2.92,2.53
52774,3.00,3.07,2.96,2.48
53034,3.09,3.09,3.00,2.48
53294,2.92,3.09,3.01,2.43
53554,3.09,3.11,3.04,2.50
53814,3.09,3.10,3.05,2.53
54075,3.00,3.14,3.08,2.39
54335,2.92,3.15,3.10,2.53
54595,2.84,3.16,3.10,2.52
54855,3.17,3.18,3.14,2.53
55117,3.17,3.19,3.16,2.43
55377,3.25,3.25,3.20,2.52
55637,3.34,3.26,3.21,2.48
55898,3.09,3.31,3.24,2.39
56158,3.25,3.32,3.27,2.53
56418,3.51,3.38,3.30,2.53
56682,3.59,3.42,3.36,2.48
56943,3.17,3.48,3.39,2.52
57204,3.67,3.60,3.47,2.52
57464,3.59,3.65,3.52,2.52
57724,3.76,3.72,3.58,2.50
57985,3.67,3.77,3.63,2.45
58245,3.84,3.79,3.66,2.50
58505,3.92,3.82,3.71,2.49
58765,3.67,3.83,3.75,2.53
59026,3.76,3.91,3.80,2.39
59286,3.92,3.94,3.83,2.51
59546,4.09,3.99,3.89,2.53
59808,4.09,4.02,3.93,2.51
60068,4.43,4.15,4.01,2.53
60328,4.18,4.23,4.08,2.50
60588,4.09,4.32,4.14,2.53
60859,4.18,4.38,4.20,2.43
61122,4.34,4.44,4.28,2.37
61383,4.68,4.49,4.34,2.44
61644,4.34,4.53,4.38,2.46
61908,4.26,4.56,4.43,2.53
62169,4.51,4.59,4.46,2.51
62429,4.68,4.58,4.49,2.47
62689,4.51,4.61,4.53,2.52
62950,4.59,4.65,4.57,2.41
63210,4.68,4.69,4.59,2.46
63470,4.43,4.68,4.61,2.48
63732,4.59,4.66,4.61,2.43
63992,4.51,4.68,4.63,2.49
64252,4.34,4.63,4.62,2.47
64513,4.34,4.62,4.61,2.50
64773,4.51,4.60,4.61,2.50
65033,4.43,4.59,4.61,2.52
65294,4.43,4.57,4.59,2.51
65554,4.51,4.55,4.57,2.41
65814,4.34,4.46,4.52,2.50
66075,4.09,4.41,4.48,2.51
66336,4.09,4.38,4.46,2.39
66596,4.43,4.39,4.45,2.52
66861,4.09,4.37,4.42,2.52
67121,4.01,4.32,4.39,2.53
67381,4.26,4.33,4.38,2.47
67642,4.18,4.33,4.38,2.44
67902,4.18,4.32,4.35,2.53
68162,4.09,4.31,4.34,2.53
68423,4.26,4.31,4.35,2.53
68684,4.51,4.41,4.39,2.47
68945,4.51,4.46,4.42,2.43
69205,4.43,4.56,4.48,2.53
69465,4.51,4.59,4.50,2.51
69726,4.51,4.61,4.51,2.45
69986,4.59,4.57,4.53,2.52
70246,4.59,4.59,4.55,2.52
70507,4.59,4.61,4.57,2.39
70767,4.68,4.62,4.58,2.53
71029,4.59,4.62,4.58,2.49
71289,4.51,4.63,4.60,2.49
71549,4.43,4.66,4.62,2.43
71810,4.43,4.66,4.62,2.42
72074,4.34,4.63,4.61,2.51
72334,4.43,4.57,4.59,2.52
72595,4.51,4.56,4.59,2.38
72855,4.76,4.59,4.61,2.50
73115,4.18,4.60,4.59,2.52
73377,4.76,4.65,4.63,2.52
73637,4.51,4.63,4.61,2.52
73897,4.51,4.61,4.61,2.52
74158,4.76,4.63,4.63,2.42
74418,4.34,4.64,4.63,2.52
74679,4.43,4.63,4.62,2.50
74939,4.68,4.68,4.65,2.53
75199,4.43,4.66,4.66,2.53
75460,4.51,4.68,4.65,2.53
75721,4.68,4.67,4.66,2.48
75992,4.59,4.65,4.65,2.47
76255,4.68,4.69,4.68,2.46
76516,4.43,4.73,4.70,2.37
76776,4.43,4.75,4.70,2.44
77036,4.68,4.76,4.72,2.41
77302,4.76,4.81,4.77,2.48
77562,4.68,4.84,4.79,2.52
77823,5.10,4.93,4.84,2.52
78083,5.18,5.01,4.92,2.49
78343,5.18,5.12,4.98,2.45
78604,5.35,5.25,5.06,2.47
78864,5.35,5.30,5.13,2.45
79124,5.51,5.36,5.19,2.49
79385,5.43,5.40,5.25,2.52
79645,5.26,5.41,5.28,2.53
79907,5.26,5.41,5.30,2.53
80167,5.26,5.37,5.30,2.50
80427,5.51,5.41,5.36,2.53
80688,5.43,5.43,5.37,2.40
80948,5.26,5.47,5.39,2.40
81209,5.10,5.45,5.40,2.44
81469,5.18,5.42,5.39,2.53
81730,5.18,5.36,5.37,2.46
81990,5.26,5.35,5.38,2.41
82255,5.26,5.34,5.36,2.52
82515,5.35,5.38,5.38,2.53
82776,5.26,5.35,5.36,2.52
83036,5.35,5.41,5.39,2.50
83297,5.10,5.40,5.39,2.50
83557,5.60,5.45,5.41,2.53
83818,5.18,5.44,5.42,2.42
84078,5.60,5.43,5.42,2.43
84338,5.35,5.44,5.41,2.52
84600,5.43,5.43,5.43,2.52
84860,5.43,5.47,5.44,2.52
85121,5.51,5.52,5.48,2.42
85381,5.51,5.53,5.48,2.50
85641,5.51,5.60,5.53,2.53
85902,5.43,5.61,5.55,2.47
86162,5.60,5.64,5.56,2.53
86423,5.43,5.61,5.57,2.53
86683,5.43,5.55,5.55,2.45
86945,5.51,5.58,5.57,2.53
87205,5.60,5.58,5.59,2.46
87469,5.43,5.65,5.61,2.44
87730,5.60,5.69,5.63,2.45
87990,5.68,5.78,5.71,2.52
88250,5.93,5.91,5.79,2.42
88511,6.43,6.06,5.88,2.52
88771,6.10,6.15,5.96,2.52
89033,5.85,6.18,6.00,2.52
89293,6.27,6.23,6.05,2.41
89554,6.10,6.21,6.09,2.53
89814,6.18,6.20,6.11,2.51
90074,6.01,6.19,6.11,2.48
90335,5.85,6.14,6.11,2.41
90595,5.85,6.13,6.11,2.53
90856,5.85,6.08,6.09,2.48
91127,5.93,6.07,6.09,2.53
91391,6.01,6.04,6.07,2.40
91651,6.01,6.04,6.06,2.48
91912,5.93,6.01,6.05,2.38
92172,5.85,6.00,6.02,2.47
92433,5.93,5.97,6.01,2.40
92697,6.01,5.97,6.01,2.52
92957,5.76,5.96,5.99,2.50
93219,6.10,5.97,5.98,2.39
93479,6.01,5.94,5.97,2.49
93740,6.10,5.96,5.98,2.46
94000,5.51,5.98,5.98,2.44
94260,5.68,5.98,5.97,2.50
94521,5.68,5.94,5.94,2.42
94781,5.68,5.86,5.91,2.52
95042,5.93,5.88,5.93,2.53
95302,5.93,5.97,5.97,2.52
95563,5.93,6.08,6.02,2.47
95824,6.35,6.21,6.09,2.52
96084,6.27,6.25,6.13,2.52
96345,6.01,6.23,6.13,2.47
96605,6.10,6.24,6.16,2.53
96865,6.43,6.24,6.19,2.40
97126,6.01,6.27,6.20,2.51
97386,6.18,6.27,6.21,2.47
97647,6.01,6.20,6.17,2.49
97912,6.10,6.15,6.17,2.50
98172,6.01,6.14,6.18,2.53
98433,6.01,6.15,6.16,2.50
98693,5.68,6.10,6.12,2.42
98953,5.93,6.03,6.09,2.53
99214,6.01,6.00,6.07,2.49
99474,5.93,5.93,6.02,2.48
99735,5.85,5.90,5.98,2.53
99995,5.93,5.91,5.99,2.51
100256,5.85,5.93,5.97,2.47
100517,5.68,5.93,5.95,2.52
100778,6.01,5.92,5.95,2.50
101039,5.68,5.88,5.92,2.39
101300,5.85,5.87,5.91,2.45
101561,5.85,5.90,5.92,2.53
101822,5.51,5.90,5.91,2.53
102082,5.76,5.90,5.90,2.40
102343,5.60,5.86,5.88,2.52
102605,5.76,5.82,5.86,2.52
102870,5.76,5.78,5.83,2.51
103131,5.76,5.78,5.83,2.51
103392,5.85,5.82,5.84,2.52
103652,5.76,5.85,5.84,2.52
103913,5.93,5.89,5.86,2.53
104174,5.76,5.93,5.90,2.51
104436,6.10,5.98,5.91,2.45
104697,5.85,6.01,5.94,2.46
104958,5.85,6.01,5.96,2.52
105219,6.27,6.08,6.00,2.53
105480,6.01,6.07,6.02,2.53
105741,6.10,6.09,6.03,2.41
106001,6.01,6.15,6.08,2.42
106273,6.27,6.19,6.12,2.44
106538,6.10,6.24,6.15,2.42
106799,6.43,6.31,6.22,2.46
107059,6.52,6.43,6.30,2.47
107320,6.60,6.52,6.36,2.43
107581,6.77,6.65,6.46,2.47
107846,6.69,6.72,6.53,2.53
108108,6.69,6.78,6.58,2.49
108369,7.02,6.81,6.65,2.39
108630,6.60,6.79,6.66,2.39
108891,6.85,6.84,6.72,2.44
109152,6.85,6.83,6.74,2.41
109413,6.60,6.84,6.76,2.53
109674,6.52,6.82,6.77,2.49
109934,6.69,6.82,6.78,2.47
110196,6.60,6.78,6.77,2.52
110457,6.60,6.74,6.75,2.53
110718,6.52,6.70,6.73,2.43
110979,6.18,6.63,6.68,2.52
111240,6.60,6.57,6.64,2.51
111501,6.10,6.50,6.60,2.42
111762,6.18,6.47,6.57,2.52
112022,6.18,6.46,6.54,2.37
112283,6.01,6.37,6.47,2.46
112545,6.10,6.32,6.43,2.39
112810,6.01,6.27,6.40,2.41
113071,6.43,6.32,6.40,2.42
113331,6.43,6.38,6.42,2.43
113592,6.35,6.43,6.43,2.49
113853,6.60,6.49,6.45,2.53
114114,6.35,6.47,6.44,2.46
114375,6.10,6.43,6.42,2.40
114636,6.10,6.39,6.40,2.53
114897,6.10,6.30,6.35,2.53
115158,6.27,6.24,6.33,2.53
115419,6.10,6.21,6.30,2.52
115680,6.01,6.21,6.28,2.52
115940,6.01,6.18,6.23,2.53
116201,5.93,6.10,6.18,2.52
116462,5.76,6.01,6.13,2.52
116724,5.68,5.97,6.09,2.53
116984,5.60,5.90,6.02,2.39
117245,5.43,5.80,5.93,2.44
117506,5.43,5.67,5.85,2.39
117770,5.43,5.60,5.79,2.51
118031,5.18,5.50,5.69,2.38
118292,4.84,5.39,5.58,2.37
118553,4.84,5.22,5.46,2.50
118813,5.26,5.20,5.43,2.53
119075,5.18,5.15,5.36,2.53
119336,4.93,5.12,5.27,2.51
119597,4.76,5.03,5.20,2.52
119857,4.68,4.95,5.12,2.53
120118,4.51,4.84,5.03,2.41
120379,4.59,4.72,4.93,2.50
120640,4.09,4.60,4.83,2.44
120900,4.26,4.47,4.71,2.40
121162,4.01,4.35,4.60,2.53
121433,4.01,4.21,4.49,2.52
121697,3.67,4.10,4.37,2.38
121958,3.59,3.95,4.23,2.42
122219,3.51,3.77,4.08,2.46
122480,3.34,3.59,3.93,2.44
122745,3.09,3.44,3.79,2.46
123006,3.09,3.30,3.64,2.46
123267,2.75,3.12,3.47,2.50
123528,2.75,2.97,3.34,2.41
123789,2.25,2.77,3.15,2.49
124049,2.25,2.59,2.97,2.51
124310,2.25,2.39,2.81,2.47
124571,1.92,2.28,2.68,2.53
124833,2.08,2.23,2.57,2.51
125094,2.08,2.20,2.48,2.42
125355,1.75,2.11,2.37,2.51
125615,1.67,2.01,2.25,2.51
125876,1.50,1.86,2.13,2.51
126137,1.58,1.71,2.00,2.51
126398,1.25,1.57,1.87,2.48
126659,1.00,1.43,1.74,2.53
126919,1.00,1.34,1.63,2.41
127181,0.83,1.18,1.49,2.53
127442,0.75,1.01,1.33,2.39
127707,0.50,0.82,1.18,2.39
127967,0.25,0.64,1.01,2.53
128228,0.16,0.47,0.85,2.53
128489,-0.17,0.25,0.65,2.43
128750,-0.42,0.02,0.45,2.38
129012,-0.42,-0.19,0.27,2.53
129273,-0.59,-0.30,0.13,2.48
129533,-0.76,-0.40,-0.01,2.53
129795,-0.93,-0.52,-0.17,2.50
130056,-0.84,-0.64,-0.29,2.49
130317,-1.26,-0.79,-0.44,2.53
130578,-1.18,-0.91,-0.58,2.44
130840,-1.34,-1.02,-0.70,2.45
131101,-1.09,-1.07,-0.77,2.40
131363,-1.26,-1.12,-0.88,2.50
131624,-1.43,-1.18,-0.96,2.45
131885,-1.76,-1.28,-1.06,2.43
132151,-1.68,-1.36,-1.15,2.42
132412,-1.76,-1.50,-1.26,2.50
132673,-1.76,-1.58,-1.34,2.53
132934,-1.51,-1.58,-1.37,2.39
133197,-1.43,-1.53,-1.39,2.48
133458,-1.26,-1.43,-1.37,2.51
133719,-1.34,-1.37,-1.36,2.44
133981,-1.59,-1.32,-1.35,2.51
134242,-1.18,-1.26,-1.31,2.53
134503,-1.34,-1.22,-1.28,2.38
134765,-1.18,-1.18,-1.26,2.53
135026,-1.18,-1.18,-1.24,2.50
135288,-1.26,-1.18,-1.23,2.46
135549,-1.18,-1.14,-1.20,2.53
135811,-1.09,-1.09,-1.15,2.52
136072,-1.01,-1.05,-1.13,2.41
136333,-1.26,-1.04,-1.12,2.44
136585,-1.18,-1.05,-1.10,2.52
136850,-1.09,-1.08,-1.11,2.47
137111,-1.09,-1.11,-1.11,2.42
137372,-0.93,-1.13,-1.11,2.47
137635,-1.01,-1.08,-1.09,2.41
137896,-0.76,-1.05,-1.07,2.48
138157,-0.93,-1.01,-1.05,2.39
138419,-0.84,-1.03,-1.06,2.45
138680,-0.84,-0.99,-1.02,2.40
138941,-0.84,-0.99,-1.02,2.42
139202,-0.59,-0.97,-1.01,2.41
139465,-1.01,-0.97,-0.99,2.42
139726,-0.84,-0.94,-0.97,2.45
139987,-0.84,-0.90,-0.95,2.39
140248,-0.67,-0.86,-0.91,2.39
140510,-0.84,-0.83,-0.89,2.40
140771,-0.42,-0.79,-0.86,2.43
141036,-0.84,-0.81,-0.85,2.38
141298,-0.76,-0.83,-0.86,2.52
141560,-0.93,-0.86,-0.87,2.42
141821,-0.67,-0.90,-0.87,2.42
142083,-0.76,-0.90,-0.88,2.44
142344,-0.67,-0.90,-0.88,2.53
142605,-0.84,-0.90,-0.88,2.38
142866,-1.09,-0.92,-0.90,2.44
143128,-0.59,-0.91,-0.90,2.53
143389,-0.93,-0.94,-0.91,2.52
143651,-0.93,-0.91,-0.90,2.51
143912,-1.01,-0.91,-0.91,2.50
144174,-0.84,-0.91,-0.91,2.48
144435,-0.59,-0.92,-0.90,2.49
144696,-0.84,-0.91,-0.91,2.51
144958,-0.93,-0.93,-0.92,2.50
145219,-1.01,-0.94,-0.93,2.53
145481,-0.76,-0.95,-0.93,2.52
145746,-0.76,-0.94,-0.92,2.44
146007,-0.93,-0.93,-0.93,2.53
146269,-0.84,-0.93,-0.94,2.39
146530,-1.01,-0.91,-0.91,2.42
146791,-0.93,-0.93,-0.93,2.53
147052,-1.01,-0.90,-0.92,2.53
147314,-1.01,-0.95,-0.93,2.53
147576,-0.84,-0.97,-0.96,2.52
147837,-1.01,-1.01,-0.96,2.47
148099,-0.93,-1.01,-0.97,2.50
148360,-0.59,-1.00,-0.98,2.52
148621,-0.84,-0.99,-0.97,2.52
148882,-0.76,-0.98,-0.97,2.53
149144,-0.84,-0.95,-0.96,2.51
149405,-1.01,-0.97,-0.97,2.52
149667,-0.93,-0.99,-0.99,2.42
149928,-0.93,-1.03,-1.00,2.39
150193,-0.84,-1.03,-1.00,2.53
150455,-0.76,-1.01,-1.00,2.41
150716,-0.84,-1.00,-1.00,2.53
150977,-0.76,-1.02,-1.01,2.53
151238,-1.09,-1.03,-1.02,2.38
151501,-0.84,-1.04,-1.02,2.52
151769,-0.51,-1.10,-1.08,2.47
152034,-0.76,-1.02,-1.01,2.39
152295,-0.93,-0.94,-0.97,2.42
152556,-1.01,-0.86,-0.97,2.44
152818,-0.76,-0.92,-0.97,2.46
153080,-0.93,-0.97,-0.97,2.39
153341,-0.67,-0.97,-0.97,2.44
153603,-0.76,-0.95,-0.95,2.46
153864,-0.59,-0.94,-0.95,2.42
154125,-0.76,-0.93,-0.96,2.41
154386,-0.93,-0.94,-0.95,2.39
154659,-0.17,-1.01,-1.00,2.40
154920,-0.84,-0.94,-0.93,2.49
155182,-0.84,-0.92,-0.93,2.51
155443,-0.67,-0.79,-0.90,2.46
155704,-0.67,-0.89,-0.90,2.51
155965,-0.76,-0.87,-0.90,2.53
156227,-0.93,-0.86,-0.88,2.53
156489,-0.76,-0.85,-0.88,2.53
156750,-0.93,-0.89,-0.90,2.49
157012,-1.01,-0.90,-0.89,2.53
157273,-0.67,-0.92,-0.89,2.53
157534,-0.34,-0.85,-0.86,2.52
157795,-0.76,-0.83,-0.85,2.48
158057,-0.76,-0.81,-0.85,2.51
158318,-0.76,-0.82,-0.85,2.52
158580,-0.67,-0.85,-0.84,2.53
158842,-0.59,-0.82,-0.83,2.45
159116,-0.34,-0.88,-0.89,2.53
159377,-0.59,-0.82,-0.83,2.44
159638,-0.67,-0.84,-0.84,2.41
159900,-0.67,-0.78,-0.84,2.52
160162,-0.84,-0.87,-0.86,2.44
160423,-0.67,-0.89,-0.87,2.43
160685,-0.67,-0.90,-0.87,2.39
160946,-0.42,-0.86,-0.86,2.51
161207,-0.84,-0.83,-0.84,2.50
161468,-0.84,-0.84,-0.86,2.50
161730,-0.84,-0.89,-0.89,2.40
161991,-0.84,-0.98,-0.92,2.53
162253,-0.93,-1.03,-0.96,2.49
162515,-1.09,-1.03,-0.96,2.52
162776,-0.76,-1.06,-0.99,2.51
163037,-1.01,-1.11,-1.05,2.52
163298,-1.43,-1.22,-1.12,2.43
163562,-1.01,-1.33,-1.20,2.42
163823,-1.09,-1.34,-1.18,2.53
164086,-1.18,-1.32,-1.20,2.47
164347,-1.09,-1.22,-1.22,2.50
164608,-1.01,-1.28,-1.24,2.45
164869,-1.26,-1.35,-1.28,2.48
165131,-1.34,-1.35,-1.30,2.49
165392,-1.43,-1.39,-1.32,2.43
165653,-1.34,-1.37,-1.33,2.46
165915,-1.09,-1.36,-1.32,2.53
166177,-1.34,-1.33,-1.32,2.45
166438,-1.26,-1.30,-1.31,2.53
166699,-1.43,-1.34,-1.34,2.44
166954,-0.59,-1.40,-1.39,2.53
167219,-0.93,-1.31,-1.31,2.43
167480,-1.18,-1.28,-1.28,2.39
167741,-1.18,-1.14,-1.27,2.43
168007,-1.01,-1.20,-1.26,2.53
168269,-1.34,-1.21,-1.24,2.46
168530,-1.18,-1.18,-1.22,2.52
168791,-1.34,-1.13,-1.19,2.52
169053,-1.18,-1.15,-1.19,2.53
169314,-1.01,-1.11,-1.16,2.52
169575,-0.93,-1.11,-1.14,2.42
169837,-0.84,-1.05,-1.10,2.52
170098,-0.93,-1.04,-1.09,2.53
170360,-0.93,-1.04,-1.09,2.53
170621,-0.76,-1.04,-1.07,2.45
170883,-1.01,-0.97,-1.01,2.53
171144,-0.93,-0.93,-1.00,2.51
171405,-0.76,-0.90,-0.97,2.52
171666,-0.93,-0.92,-0.96,2.47
171928,-0.76,-0.90,-0.94,2.53
172189,-0.67,-0.91,-0.94,2.44
172455,-0.84,-0.91,-0.93,2.45
172716,-1.01,-0.88,-0.90,2.50
172977,-0.67,-0.85,-0.90,2.50
173239,-0.67,-0.85,-0.89,2.49
173500,-0.76,-0.86,-0.87,2.53
173761,-0.84,-0.81,-0.85,2.48
174022,-0.59,-0.81,-0.84,2.51
174284,-0.67,-0.79,-0.83,2.53
174546,-0.42,-0.79,-0.81,2.39
174807,-0.76,-0.77,-0.80,2.53
175068,-0.76,-0.75,-0.78,2.49
175329,-0.59,-0.71,-0.75,2.53
175590,-0.51,-0.71,-0.75,2.46
175852,-0.59,-0.64,-0.70,2.51
176113,-0.67,-0.60,-0.66,2.43
176375,-0.59,-0.55,-0.64,2.53
176636,-0.34,-0.58,-0.64,2.44
176901,-0.51,-0.59,-0.62,2.53
177162,-0.51,-0.58,-0.61,2.50
177423,-0.42,-0.56,-0.60,2.40
177684,-0.42,-0.56,-0.59,2.43
177946,-0.42,-0.54,-0.57,2.49
178208,-0.34,-0.52,-0.55,2.50
178469,-0.34,-0.47,-0.53,2.51
178730,-0.51,-0.45,-0.50,2.53
178991,-0.51,-0.48,-0.52,2.44
179252,-0.26,-0.50,-0.52,2.44
179514,-0.51,-0.53,-0.51,2.42
179775,-0.51,-0.52,-0.52,2.50
180036,-0.09,-0.52,-0.53,2.53
180298,-0.34,-0.52,-0.51,2.49
180559,-0.34,-0.52,-0.52,2.43
180820,-0.59,-0.52,-0.53,2.53
181082,-0.76,-0.54,-0.52,2.39
181346,-0.67,-0.56,-0.55,2.46
181608,-0.51,-0.59,-0.57,2.52
181869,-0.76,-0.66,-0.60,2.51
182141,-0.67,-0.71,-0.63,2.48
182406,-0.51,-0.74,-0.66,2.43
182667,-0.59,-0.77,-0.69,2.40
182929,-0.76,-0.79,-0.72,2.46
183190,-0.84,-0.80,-0.74,2.37
183451,-0.76,-0.83,-0.76,2.45
183714,-1.01,-0.85,-0.79,2.42
183975,-0.84,-0.90,-0.83,2.39
184236,-1.01,-0.92,-0.85,2.48
184497,-0.93,-0.95,-0.88,2.46
184759,-0.76,-0.94,-0.89,2.46
185020,-1.01,-0.99,-0.92,2.46
185281,-1.18,-0.99,-0.94,2.39
185543,-1.01,-0.99,-0.94,2.47
185809,-0.84,-1.01,-0.96,2.39
186070,-0.84,-1.02,-0.98,2.52
186331,-1.01,-1.04,-0.99,2.53
186593,-1.01,-1.03,-1.00,2.52
186854,-0.93,-1.05,-1.02,2.51
187115,-1.01,-1.08,-1.04,2.52
187376,-1.26,-1.15,-1.09,2.51
187639,-1.51,-1.20,-1.12,2.53
187900,-1.51,-1.26,-1.17,2.38
188161,-1.18,-1.28,-1.19,2.40
188423,-1.26,-1.33,-1.23,2.51
188684,-1.43,-1.35,-1.27,2.52
188945,-1.43,-1.41,-1.32,2.52
189207,-1.34,-1.43,-1.33,2.38
189468,-1.43,-1.45,-1.36,2.53
189730,-1.26,-1.43,-1.37,2.43
189991,-1.34,-1.42,-1.37,2.53
190256,-1.26,-1.38,-1.36,2.53
190518,-1.26,-1.32,-1.34,2.43
190779,-0.93,-1.25,-1.29,2.52
191040,-1.01,-1.15,-1.23,2.53
191302,-1.18,-1.10,-1.20,2.53
191564,-1.01,-1.02,-1.15,2.38
191825,-0.84,-0.99,-1.10,2.49
192086,-0.59,-0.95,-1.06,2.50
192348,-0.76,-0.89,-1.00,2.42
192609,-0.67,-0.84,-0.96,2.52
192870,-0.84,-0.80,-0.92,2.52
193131,-0.51,-0.79,-0.88,2.44
193393,-0.76,-0.74,-0.83,2.43
193655,-0.51,-0.73,-0.81,2.53
193916,-0.42,-0.69,-0.78,2.53
194177,-0.51,-0.66,-0.74,2.53
194439,-0.42,-0.60,-0.69,2.51
194704,-0.59,-0.58,-0.67,2.43
194965,-0.51,-0.57,-0.64,2.53
195226,-0.51,-0.56,-0.62,2.39
195488,-0.76,-0.58,-0.62,2.52
195750,-0.59,-0.58,-0.61,2.39
196011,-0.51,-0.61,-0.62,2.52
196272,-0.51,-0.63,-0.62,2.51
196534,-0.76,-0.67,-0.65,2.50
196795,-0.84,-0.73,-0.69,2.50
197056,-0.84,-0.81,-0.73,2.46
197329,-0.84,-0.89,-0.78,2.53
197594,-0.76,-0.92,-0.81,2.44
197855,-0.76,-0.92,-0.83,2.47
198116,-0.84,-0.92,-0.85,2.41
198378,-1.26,-0.97,-0.91,2.46
198639,-1.18,-1.06,-0.96,2.42
198901,-1.01,-1.11,-0.99,2.39
199166,-0.93,-1.11,-1.00,2.46
199428,-0.93,-1.09,-1.03,2.52
199689,-1.09,-1.10,-1.05,2.39
199950,-1.26,-1.15,-1.09,2.49
200211,-1.18,-1.13,-1.09,2.39
200473,-1.18,-1.14,-1.09,2.53
200735,-1.01,-1.15,-1.12,2.53
200996,-1.09,-1.20,-1.15,2.41
201257,-1.26,-1.21,-1.16,2.53
201519,-1.18,-1.25,-1.20,2.53
201780,-0.84,-1.24,-1.20,2.43
202041,-1.18,-1.25,-1.20,2.51
202303,-1.26,-1.21,-1.20,2.52
202564,-0.93,-1.19,-1.20,2.52
202826,-1.09,-1.18,-1.18,2.48
203087,-1.18,-1.17,-1.18,2.52
203349,-0.76,-1.13,-1.16,2.49
203614,-1.26,-1.14,-1.16,2.53
203875,-1.18,-1.17,-1.18,2.51
204136,-1.01,-1.18,-1.18,2.53
204397,-1.09,-1.21,-1.18,2.53
204660,-1.01,-1.18,-1.17,2.52
204921,-1.09,-1.18,-1.19,2.52
205182,-1.01,-1.18,-1.18,2.50
205444,-0.84,-1.15,-1.15,2.49
205705,-1.18,-1.08,-1.12,2.52
205966,-0.93,-1.05,-1.11,2.52
206227,-0.84,-1.02,-1.08,2.53
206489,-0.93,-1.07,-1.09,2.53
206751,-0.93,-1.02,-1.06,2.41
207012,-0.93,-1.01,-1.04,2.53
207273,-0.93,-0.97,-1.02,2.53
207535,-0.76,-0.99,-1.03,2.46
207796,-1.01,-1.04,-1.05,2.53
208061,-1.01,-1.10,-1.07,2.53
208322,-1.09,-1.13,-1.09,2.52
208583,-1.26,-1.18,-1.13,2.53
208846,-1.34,-1.26,-1.18,2.51
209107,-1.34,-1.34,-1.24,2.52
209368,-1.68,-1.42,-1.29,2.53
209630,-1.68,-1.49,-1.35,2.53
209891,-1.59,-1.54,-1.40,2.39
210152,-1.51,-1.60,-1.45,2.50
210413,-1.59,-1.62,-1.49,2.53
210676,-1.51,-1.62,-1.51,2.51
210937,-1.59,-1.62,-1.54,2.53
211198,-1.26,-1.60,-1.54,2.51
211460,-1.68,-1.58,-1.55,2.46
211721,-1.43,-1.56,-1.54,2.53
211982,-1.34,-1.50,-1.52,2.53
212244,-1.26,-1.43,-1.47,2.48
212516,-1.26,-1.36,-1.43,2.50
212777,-1.34,-1.33,-1.41,2.53
213039,-1.01,-1.30,-1.38,2.46
213300,-1.18,-1.32,-1.37,2.52
213561,-1.09,-1.26,-1.32,2.52
213822,-1.09,-1.26,-1.32,2.49
214084,-1.34,-1.25,-1.31,2.40
214346,-1.26,-1.30,-1.32,2.43
214607,-1.18,-1.28,-1.30,2.53
214869,-0.93,-1.29,-1.29,2.51
215130,-1.34,-1.26,-1.29,2.51
215391,-1.01,-1.29,-1.29,2.53
215652,-1.09,-1.25,-1.26,2.40
215914,-1.01,-1.25,-1.25,2.39
216175,-1.26,-1.20,-1.25,2.52
216437,-1.34,-1.21,-1.24,2.51
216698,-1.09,-1.21,-1.23,2.49
216960,-1.01,-1.20,-1.22,2.44
217225,-1.26,-1.22,-1.22,2.52
217486,-1.18,-1.17,-1.20,2.50
217747,-1.01,-1.15,-1.18,2.39
218009,-1.09,-1.15,-1.19,2.53
218271,-1.18,-1.17,-1.19,2.53
218532,-1.26,-1.25,-1.23,2.50
218793,-1.18,-1.27,-1.24,2.43
219055,-1.18,-1.26,-1.22,2.52
219316,-1.18,-1.20,-1.20,2.45
219577,-1.01,-1.14,-1.18,2.49
219838,-1.01,-1.14,-1.18,2.51
220100,-1.01,-1.16,-1.18,2.42
220362,-1.26,-1.20,-1.20,2.52
220623,-1.09,-1.22,-1.21,2.52
220885,-0.93,-1.20,-1.18,2.53
221146,-0.93,-1.14,-1.15,2.49
221407,-0.84,-1.08,-1.13,2.50
221672,-0.93,-1.06,-1.12,2.49
221933,-0.67,-1.03,-1.09,2.53
222196,-1.18,-1.02,-1.07,2.46
222457,-0.76,-0.98,-1.04,2.52
222718,-0.76,-0.93,-1.00,2.45
222979,-0.84,-0.89,-0.97,2.53
223241,-0.51,-0.86,-0.95,2.53
223502,-0.51,-0.83,-0.90,2.51
223763,-0.67,-0.82,-0.88,2.53
224025,-0.84,-0.82,-0.89,2.51
224287,-0.67,-0.84,-0.87,2.53
224548,-0.93,-0.85,-0.87,2.52
224809,-0.93,-0.85,-0.87,2.50
225071,-0.84,-0.86,-0.87,2.51
225332,-0.84,-0.89,-0.88,2.43
225593,-0.93,-0.90,-0.88,2.51
225855,-0.67,-0.87,-0.86,2.52
226121,-0.76,-0.87,-0.87,2.52
226382,-0.84,-0.90,-0.89,2.52
226643,-1.18,-0.91,-0.90,2.51
226904,-1.09,-0.97,-0.93,2.51
227166,-0.84,-1.00,-0.96,2.41
227427,-1.26,-1.08,-1.00,2.50
227679,-1.18,-1.10,-1.03,2.49
227944,-1.18,-1.05,-1.00,2.43
228206,-1.01,-1.01,-1.00,2.39
228468,-1.43,-0.98,-1.01,2.40
228729,-1.09,-1.03,-1.02,2.42
228990,-1.26,-1.06,-1.04,2.44
229252,-1.34,-1.13,-1.07,2.42
229513,-1.76,-1.19,-1.13,2.39
229774,-1.51,-1.28,-1.18,2.38
230035,-1.76,-1.37,-1.24,2.47
230297,-1.59,-1.42,-1.28,2.37
230563,-1.84,-1.48,-1.36,2.43
230824,-1.68,-1.55,-1.41,2.44
231086,-1.84,-1.63,-1.48,2.44
231347,-1.68,-1.66,-1.52,2.48
231608,-1.68,-1.68,-1.56,2.51
231870,-1.51,-1.68,-1.59,2.52
232131,-1.76,-1.67,-1.59,2.51
232393,-1.68,-1.63,-1.59,2.48
232654,-1.59,-1.59,-1.60,2.53
232916,-1.51,-1.58,-1.58,2.40
233177,-1.34,-1.56,-1.57,2.52
233438,-1.51,-1.48,-1.53,2.50
233699,-1.43,-1.41,-1.48,2.40
233961,-1.34,-1.32,-1.44,2.53
234222,-1.51,-1.32,-1.42,2.48
234484,-1.59,-1.33,-1.41,2.51
234745,-1.18,-1.30,-1.37,2.41
235010,-1.26,-1.27,-1.33,2.39
235271,-1.34,-1.25,-1.32,2.53
235532,-1.43,-1.23,-1.30,2.50
235794,-1.34,-1.26,-1.30,2.52
236055,-1.34,-1.21,-1.26,2.53
236316,-0.84,-1.10,-1.17,2.46
236578,-1.09,-1.05,-1.16,2.51
236839,-1.18,-1.03,-1.14,2.53
237101,-1.09,-1.03,-1.10,2.53
237362,-1.09,-1.00,-1.07,2.51
237623,-1.01,-0.96,-1.04,2.51
237884,-0.93,-0.95,-1.02,2.49
238145,-1.18,-0.95,-1.01,2.42
238406,-1.01,-0.93,-0.98,2.53
238669,-1.01,-0.93,-0.98,2.39
238930,-0.93,-0.96,-0.99,2.51
239191,-1.09,-1.02,-1.01,2.53
239456,-1.01,-1.02,-1.00,2.53
239717,-1.01,-1.01,-1.00,2.45
239978,-1.43,-1.02,-1.02,2.43
240239,-1.18,-1.02,-1.02,2.53
240501,-1.26,-1.02,-1.02,2.52
240763,-1.26,-1.10,-1.07,2.46
241024,-1.34,-1.14,-1.09,2.51
241285,-1.09,-1.16,-1.09,2.50
241546,-1.18,-1.16,-1.12,2.52
241807,-1.34,-1.18,-1.14,2.46
242068,-1.43,-1.21,-1.17,2.53
242330,-1.34,-1.21,-1.17,2.53
242592,-1.68,-1.25,-1.21,2.53
242863,-1.43,-1.27,-1.23,2.47
